Date,Qobs,P,Epot,Temp
01-01-88,25.10,0.000,1.86,13.2
02-01-88,24.20,0.000,1.85,12.5
03-01-88,24.20,0.000,1.81,12.1
04-01-88,24.20,0.000,1.78,11.6
05-01-88,23.90,0.000,1.75,12.6
06-01-88,23.30,0.000,1.75,11.6
07-01-88,23.30,0.000,1.70,10.9
08-01-88,23.30,0.000,1.72,11.0
09-01-88,22.40,0.000,1.68,10.3
10-01-88,21.50,0.000,1.71,11.3
11-01-88,22.10,0.000,1.81,12.4
12-01-88,22.10,0.000,1.69,11.5
13-01-88,21.50,0.000,1.76,12.0
14-01-88,20.60,0.138,1.73,11.4
15-01-88,22.10,0.000,1.71,10.2
16-01-88,21.50,0.000,1.61,9.7
17-01-88,20.60,0.000,1.71,10.2
18-01-88,20.60,0.000,1.69,10.7
19-01-88,20.60,0.000,1.73,11.2
20-01-88,19.70,0.000,1.73,11.3
21-01-88,19.70,0.000,1.79,11.0
22-01-88,19.10,0.000,1.89,12.3
23-01-88,18.80,0.000,1.83,11.0
24-01-88,18.80,0.000,1.85,11.1
25-01-88,17.90,0.000,1.79,10.3
26-01-88,17.60,0.000,1.80,10.1
27-01-88,17.00,0.000,1.76,9.8
28-01-88,17.00,0.000,1.71,9.2
29-01-88,17.00,0.000,1.70,9.7
30-01-88,16.50,0.000,1.82,10.4
31-01-88,16.50,0.000,1.92,11.3
01-02-88,16.50,0.000,1.99,12.1
02-02-88,16.50,0.000,2.09,14.4
03-02-88,16.00,0.000,2.12,14.0
04-02-88,16.00,0.000,2.23,14.1
05-02-88,16.00,0.000,2.15,13.0
06-02-88,15.70,0.000,2.09,12.9
07-02-88,15.50,0.000,2.18,13.6
08-02-88,15.50,0.000,2.25,14.4
09-02-88,15.50,0.000,2.23,13.6
10-02-88,15.00,0.000,2.25,13.3
11-02-88,14.50,0.000,2.28,13.5
12-02-88,14.50,0.000,2.31,13.6
13-02-88,14.50,0.000,2.40,15.0
14-02-88,14.50,0.069,2.42,14.4
15-02-88,14.00,0.579,2.27,13.1
16-02-88,14.00,0.000,2.23,11.8
17-02-88,14.00,0.000,2.28,12.0
18-02-88,13.80,0.000,2.42,13.0
19-02-88,13.50,0.000,2.41,13.0
20-02-88,13.50,0.000,2.37,13.6
21-02-88,13.20,0.000,2.56,15.0
22-02-88,13.50,0.000,2.44,13.1
23-02-88,13.50,7.749,2.29,11.9
24-02-88,15.00,4.527,2.44,13.1
25-02-88,18.50,0.308,2.47,13.1
26-02-88,16.20,0.000,2.45,12.7
27-02-88,15.00,0.000,2.60,14.3
28-02-88,14.70,0.000,2.64,14.1
29-02-88,14.50,2.522,2.65,15.0
01-03-88,14.80,0.000,2.79,15.2
02-03-88,14.50,0.000,2.71,14.2
03-03-88,14.00,0.000,2.81,14.3
04-03-88,13.50,0.000,2.69,14.0
05-03-88,13.20,0.000,2.78,15.4
06-03-88,13.00,0.000,2.81,15.5
07-03-88,13.00,0.000,2.92,16.4
08-03-88,13.00,0.000,2.88,16.3
09-03-88,57.40,22.617,2.86,16.5
10-03-88,86.10,0.000,2.97,17.3
11-03-88,19.10,0.046,2.95,16.4
12-03-88,29.30,12.726,2.63,13.9
13-03-88,30.90,7.422,2.64,13.4
14-03-88,22.10,0.000,2.62,12.8
15-03-88,16.50,0.069,2.77,13.9
16-03-88,15.20,0.000,2.91,15.3
17-03-88,14.50,0.000,3.22,17.8
18-03-88,13.70,0.819,3.19,17.6
19-03-88,51.70,24.252,2.87,15.1
20-03-88,89.30,7.641,2.88,14.3
21-03-88,29.30,0.000,2.89,14.1
22-03-88,19.10,0.000,2.94,14.9
23-03-88,15.50,0.000,3.02,16.0
24-03-88,14.70,0.000,3.12,16.1
25-03-88,14.00,0.000,3.18,16.5
26-03-88,13.50,0.000,3.47,18.5
27-03-88,12.80,1.033,3.26,17.1
28-03-88,12.30,0.230,3.36,17.2
29-03-88,11.90,0.000,3.37,17.0
30-03-88,11.40,0.000,3.45,17.3
31-03-88,11.20,0.000,3.45,17.2
01-04-88,10.90,0.000,3.63,16.5
02-04-88,10.70,0.000,3.79,17.4
03-04-88,10.50,0.000,3.88,18.4
04-04-88,10.10,0.000,4.02,19.2
05-04-88,10.10,0.000,4.16,19.6
06-04-88,9.72,0.000,4.31,20.7
07-04-88,9.72,0.000,4.35,21.0
08-04-88,9.34,0.000,4.35,21.5
09-04-88,9.21,0.000,4.28,21.0
10-04-88,8.96,0.000,4.36,21.5
11-04-88,8.83,0.000,4.42,20.5
12-04-88,8.58,0.000,4.32,20.3
13-04-88,8.58,0.000,4.44,21.3
14-04-88,8.20,7.501,4.28,19.8
15-04-88,9.85,7.349,4.27,19.5
16-04-88,11.20,0.000,4.12,19.4
17-04-88,11.00,2.778,4.13,19.1
18-04-88,61.90,31.900,4.11,18.9
19-04-88,109.40,11.340,4.31,20.9
20-04-88,73.50,6.363,4.34,20.6
21-04-88,20.30,2.142,4.24,20.0
22-04-88,17.00,1.212,4.17,18.9
23-04-88,21.20,0.819,4.14,19.4
24-04-88,25.60,3.435,4.23,19.7
25-04-88,17.30,9.702,4.28,20.0
26-04-88,22.50,4.755,4.27,19.7
27-04-88,15.30,7.119,4.26,19.2
28-04-88,14.50,0.000,4.46,21.8
29-04-88,14.90,0.023,4.48,22.4
30-04-88,16.20,3.381,4.36,20.2
01-05-88,15.50,0.000,4.59,23.1
02-05-88,13.50,1.541,4.42,21.0
03-05-88,267.00,75.272,3.97,18.4
04-05-88,74.40,5.414,4.29,19.5
05-05-88,31.30,6.552,4.20,19.6
06-05-88,44.50,0.700,4.31,19.9
07-05-88,29.40,0.460,4.41,21.3
08-05-88,17.60,0.000,4.52,22.3
09-05-88,15.00,0.385,4.64,23.6
10-05-88,13.70,0.448,4.72,23.1
11-05-88,13.00,0.000,4.81,23.8
12-05-88,12.50,0.000,4.80,23.5
13-05-88,12.50,0.000,4.85,23.3
14-05-88,12.20,0.728,4.61,22.1
15-05-88,11.90,9.679,4.23,19.5
16-05-88,21.50,0.046,4.53,21.1
17-05-88,23.60,30.942,4.50,21.3
18-05-88,62.60,15.339,4.54,21.7
19-05-88,89.20,45.346,4.64,22.2
20-05-88,243.00,1.457,4.70,22.3
21-05-88,59.50,10.933,4.82,23.0
22-05-88,36.10,0.288,4.83,22.6
23-05-88,69.20,5.199,4.89,23.1
24-05-88,23.30,5.018,4.91,22.5
25-05-88,53.70,13.031,4.91,22.7
26-05-88,44.50,0.938,5.13,24.6
27-05-88,39.40,0.693,5.05,24.1
28-05-88,32.40,0.000,5.29,25.5
29-05-88,46.40,1.090,5.19,24.2
30-05-88,32.00,0.000,5.10,24.1
31-05-88,79.60,12.394,5.31,25.6
01-06-88,768.00,85.048,5.03,22.7
02-06-88,106.00,1.175,4.94,21.1
03-06-88,73.10,0.961,5.07,22.8
04-06-88,73.30,1.904,5.16,23.2
05-06-88,110.00,4.974,5.04,22.1
06-06-88,45.00,0.140,5.21,23.4
07-06-88,33.60,0.000,5.12,22.9
08-06-88,25.40,19.712,5.13,22.5
09-06-88,22.10,0.700,5.23,24.4
10-06-88,150.00,14.017,5.08,23.6
11-06-88,96.80,11.338,5.14,23.5
12-06-88,114.00,3.910,5.10,23.7
13-06-88,93.80,6.746,4.68,20.8
14-06-88,90.20,7.725,4.36,17.4
15-06-88,107.00,4.369,5.11,23.8
16-06-88,127.00,11.716,4.89,22.4
17-06-88,178.00,33.574,5.00,23.2
18-06-88,290.00,32.202,4.90,22.9
19-06-88,298.00,8.200,5.01,23.6
20-06-88,204.00,0.560,5.10,24.6
21-06-88,284.00,26.406,5.00,24.1
22-06-88,319.00,28.844,5.05,24.3
23-06-88,286.00,0.230,5.01,24.2
24-06-88,284.00,0.766,4.92,23.8
25-06-88,273.00,10.790,4.85,23.4
26-06-88,277.00,1.268,5.04,25.0
27-06-88,262.00,32.599,5.15,25.8
28-06-88,368.00,37.051,5.12,26.0
29-06-88,375.00,1.150,5.04,25.1
30-06-88,235.00,0.161,5.09,25.9
01-07-88,184.00,3.042,4.98,24.9
02-07-88,239.00,11.431,4.96,24.9
03-07-88,482.00,38.612,4.95,24.9
04-07-88,518.00,47.979,4.81,23.9
05-07-88,817.00,70.228,4.60,22.1
06-07-88,1440.00,62.847,4.63,22.1
07-07-88,668.00,32.653,4.85,23.5
08-07-88,601.00,1.631,4.72,22.9
09-07-88,602.00,4.081,4.88,24.0
10-07-88,375.00,15.467,4.84,23.7
11-07-88,579.00,16.504,4.93,24.3
12-07-88,599.00,47.422,4.96,24.0
13-07-88,742.00,4.448,5.04,24.7
14-07-88,430.00,17.032,5.08,24.9
15-07-88,339.00,29.099,5.04,24.6
16-07-88,232.00,2.599,5.00,24.2
17-07-88,271.00,12.835,5.12,24.9
18-07-88,353.00,2.592,5.03,24.2
19-07-88,267.00,10.199,5.12,24.7
20-07-88,230.00,7.182,5.11,24.8
21-07-88,246.00,2.880,5.02,24.2
22-07-88,230.00,31.487,5.20,25.2
23-07-88,290.00,33.965,5.09,24.4
24-07-88,418.00,8.090,5.06,24.1
25-07-88,329.00,6.467,4.94,23.5
26-07-88,405.00,17.778,4.99,23.9
27-07-88,547.00,36.410,4.97,23.7
28-07-88,557.00,26.039,5.12,24.5
29-07-88,523.00,5.828,5.05,24.2
30-07-88,521.00,7.202,5.17,25.3
31-07-88,504.00,9.980,5.11,24.8
01-08-88,595.00,14.392,4.51,21.1
02-08-88,700.00,28.127,4.94,24.4
03-08-88,491.00,8.966,4.97,24.7
04-08-88,362.00,2.884,4.94,25.0
05-08-88,347.00,0.420,4.81,23.9
06-08-88,400.00,13.567,4.82,24.4
07-08-88,598.00,29.028,4.75,23.8
08-08-88,439.00,8.444,4.78,24.3
09-08-88,533.00,33.975,4.72,24.3
10-08-88,720.00,24.557,4.68,24.0
11-08-88,785.00,34.714,4.67,24.3
12-08-88,550.00,12.968,4.56,23.6
13-08-88,713.00,21.505,4.55,23.8
14-08-88,643.00,59.103,4.50,23.7
15-08-88,2110.00,56.835,4.43,23.6
16-08-88,845.00,23.401,4.35,23.1
17-08-88,601.00,21.639,4.49,24.2
18-08-88,628.00,24.593,4.44,24.0
19-08-88,742.00,5.705,4.40,24.0
20-08-88,541.00,0.184,4.57,25.4
21-08-88,525.00,1.456,4.47,24.9
22-08-88,654.00,28.016,4.36,24.1
23-08-88,583.00,68.986,4.35,23.8
24-08-88,1970.00,38.464,4.36,24.2
25-08-88,1110.00,15.536,4.15,22.9
26-08-88,1140.00,21.142,4.15,22.5
27-08-88,362.00,3.768,4.26,23.7
28-08-88,346.00,9.125,4.28,24.1
29-08-88,713.00,13.343,4.11,22.6
30-08-88,632.00,17.395,4.26,23.8
31-08-88,346.00,0.000,4.25,23.7
01-09-88,323.00,4.424,4.27,24.4
02-09-88,365.00,11.077,4.25,24.3
03-09-88,360.00,9.978,4.22,24.1
04-09-88,277.00,4.483,4.29,24.5
05-09-88,271.00,25.788,4.35,25.1
06-09-88,358.00,32.233,4.25,24.4
07-09-88,1040.00,54.713,4.01,22.4
08-09-88,1210.00,38.639,3.91,21.7
09-09-88,890.00,2.583,4.10,23.1
10-09-88,458.00,1.244,4.15,23.6
11-09-88,312.00,0.000,4.14,23.4
12-09-88,244.00,0.000,4.15,23.4
13-09-88,197.00,0.000,4.16,23.4
14-09-88,173.00,0.000,4.28,25.2
15-09-88,142.00,5.733,4.12,23.1
16-09-88,152.00,5.687,4.02,22.2
17-09-88,146.00,0.871,3.75,20.8
18-09-88,132.00,1.517,4.03,23.5
19-09-88,120.00,0.536,4.05,23.9
20-09-88,107.00,0.000,4.05,24.2
21-09-88,117.00,5.692,3.93,23.4
22-09-88,129.00,1.071,3.91,23.3
23-09-88,102.00,0.935,3.98,24.1
24-09-88,98.10,0.000,3.89,23.5
25-09-88,93.30,0.000,4.00,25.2
26-09-88,88.40,0.210,3.92,24.8
27-09-88,86.80,0.462,3.93,24.8
28-09-88,88.40,1.305,3.90,24.5
29-09-88,87.60,0.000,3.85,24.6
30-09-88,81.60,0.000,3.72,23.8
01-10-88,77.20,0.000,3.53,23.7
02-10-88,85.60,0.000,3.44,22.8
03-10-88,114.00,2.645,3.43,23.3
04-10-88,77.60,0.000,3.38,23.0
05-10-88,95.90,1.057,3.32,22.9
06-10-88,110.00,4.921,3.16,20.9
07-10-88,81.20,1.403,3.17,21.7
08-10-88,69.20,0.000,3.07,21.4
09-10-88,70.80,1.953,3.22,23.1
10-10-88,72.00,0.000,3.11,21.3
11-10-88,64.80,0.000,3.15,21.9
12-10-88,63.20,0.000,3.15,22.7
13-10-88,62.40,0.000,3.18,23.4
14-10-88,61.20,0.000,2.97,20.9
15-10-88,60.40,0.000,2.95,20.6
16-10-88,58.80,0.000,2.90,20.2
17-10-88,57.60,0.000,3.00,20.9
18-10-88,57.20,0.000,2.96,20.7
19-10-88,56.00,0.000,2.93,20.5
20-10-88,66.40,0.000,2.84,19.8
21-10-88,55.10,0.000,2.73,18.5
22-10-88,53.60,0.000,2.79,19.6
23-10-88,53.00,0.000,2.83,19.8
24-10-88,52.40,0.000,2.85,20.2
25-10-88,51.50,0.000,2.83,20.6
26-10-88,50.60,0.000,2.80,19.6
27-10-88,49.70,0.000,2.77,19.3
28-10-88,49.10,0.000,2.79,20.0
29-10-88,47.90,0.000,2.71,18.3
30-10-88,47.30,0.000,2.66,18.6
31-10-88,46.40,0.000,2.64,18.5
01-11-88,46.10,0.000,2.65,18.5
02-11-88,45.50,0.000,2.66,18.0
03-11-88,44.90,0.000,2.62,17.6
04-11-88,44.30,2.196,2.42,16.7
05-11-88,48.20,2.262,2.30,15.4
06-11-88,50.60,0.690,2.40,15.2
07-11-88,47.30,0.000,2.46,15.4
08-11-88,46.40,0.000,2.44,15.5
09-11-88,45.20,0.000,2.43,15.8
10-11-88,44.30,0.161,2.41,15.6
11-11-88,43.70,0.000,2.40,16.1
12-11-88,43.40,0.000,2.46,16.5
13-11-88,42.50,0.000,2.41,16.4
14-11-88,42.20,0.000,2.37,15.8
15-11-88,41.60,0.000,2.32,15.7
16-11-88,40.70,0.000,2.39,16.1
17-11-88,40.10,0.000,2.27,15.2
18-11-88,38.90,0.000,2.23,15.1
19-11-88,37.70,0.000,2.26,15.8
20-11-88,36.80,0.000,2.15,14.5
21-11-88,35.90,0.000,2.15,15.0
22-11-88,35.30,0.000,2.12,14.6
23-11-88,34.40,0.000,2.09,14.5
24-11-88,33.50,0.000,2.02,14.1
25-11-88,32.90,0.000,1.97,13.5
26-11-88,31.40,0.000,1.95,13.3
27-11-88,30.20,0.000,1.93,13.5
28-11-88,29.30,0.000,1.96,13.8
29-11-88,28.80,0.000,1.92,13.7
30-11-88,28.40,0.000,1.99,14.6
01-12-88,27.90,0.000,2.00,15.5
02-12-88,27.70,0.000,2.02,15.6
03-12-88,27.30,0.000,2.04,15.9
04-12-88,27.00,0.000,1.99,15.4
05-12-88,26.80,0.000,1.92,15.8
06-12-88,26.40,0.000,1.73,14.1
07-12-88,26.40,0.000,1.85,14.6
08-12-88,26.40,0.000,1.85,14.7
09-12-88,26.40,0.000,1.78,13.5
10-12-88,25.70,0.000,1.80,13.4
11-12-88,25.70,0.000,1.80,13.3
12-12-88,25.50,0.000,1.68,12.0
13-12-88,25.10,0.000,1.82,14.0
14-12-88,25.10,0.000,1.79,13.7
15-12-88,24.90,0.000,1.78,12.9
16-12-88,24.40,0.000,1.75,12.4
17-12-88,24.40,0.000,1.59,10.8
18-12-88,24.00,0.460,1.82,13.5
19-12-88,23.80,0.000,1.79,12.1
20-12-88,23.80,0.000,1.81,12.6
21-12-88,23.20,0.000,1.68,10.9
22-12-88,23.20,0.000,1.71,11.3
23-12-88,22.70,0.000,1.82,12.5
24-12-88,22.50,0.000,1.70,10.9
25-12-88,22.50,0.000,1.51,9.7
26-12-88,26.80,1.827,1.39,8.3
27-12-88,179.20,37.369,1.63,10.1
28-12-88,144.30,11.503,1.74,11.4
29-12-88,32.90,0.000,1.78,11.5
30-12-88,30.50,0.000,1.79,11.3
31-12-88,29.30,0.000,1.70,10.6
01-01-89,28.10,0.000,1.66,10.5
02-01-89,27.30,0.000,1.71,11.4
03-01-89,31.20,0.721,1.50,8.8
04-01-89,31.10,1.612,1.62,9.4
05-01-89,27.50,0.000,1.72,10.9
06-01-89,26.40,0.000,1.75,11.0
07-01-89,25.70,0.000,1.53,8.5
08-01-89,26.40,15.552,1.44,8.7
09-01-89,72.80,10.335,1.61,10.1
10-01-89,50.00,0.000,1.81,12.0
11-01-89,35.30,0.000,1.53,8.8
12-01-89,29.50,0.000,1.34,6.8
13-01-89,26.20,0.000,1.45,7.0
14-01-89,25.70,0.000,1.60,8.9
15-01-89,25.10,0.000,1.55,8.3
16-01-89,24.40,0.000,1.69,10.1
17-01-89,23.80,0.000,1.65,10.2
18-01-89,23.40,0.000,1.59,8.9
19-01-89,23.20,0.000,1.67,9.8
20-01-89,22.50,0.000,1.65,9.4
21-01-89,22.30,0.000,1.65,9.9
22-01-89,21.90,0.000,1.81,11.9
23-01-89,21.80,0.000,1.70,10.0
24-01-89,21.40,0.000,1.76,10.7
25-01-89,21.40,0.000,1.77,10.3
26-01-89,20.80,0.000,1.82,11.1
27-01-89,20.80,3.339,1.89,12.0
28-01-89,20.50,0.000,1.89,11.0
29-01-89,20.30,0.000,1.91,11.7
30-01-89,19.80,0.000,2.04,13.8
31-01-89,19.20,0.000,1.96,12.2
01-02-89,18.80,0.000,2.15,14.2
02-02-89,18.50,0.000,2.13,13.0
03-02-89,18.10,0.000,2.42,17.5
04-02-89,18.10,0.000,2.24,15.3
05-02-89,17.70,0.000,2.23,14.7
06-02-89,17.60,0.000,2.31,15.0
07-02-89,17.60,0.000,2.21,13.2
08-02-89,17.20,0.000,2.02,10.9
09-02-89,17.00,0.000,2.17,11.7
10-02-89,17.00,0.000,2.22,11.8
11-02-89,16.80,0.000,2.14,11.2
12-02-89,16.60,0.000,2.13,11.0
13-02-89,16.60,0.000,2.16,11.0
14-02-89,16.40,0.000,2.20,11.4
15-02-89,16.30,0.000,2.20,11.4
16-02-89,16.30,1.953,2.15,10.5
17-02-89,16.30,0.000,2.23,10.6
18-02-89,16.00,0.000,1.87,8.1
19-02-89,18.20,3.981,1.84,7.7
20-02-89,19.40,1.350,1.88,7.1
21-02-89,19.90,0.000,2.12,10.2
22-02-89,19.80,1.449,2.05,8.9
23-02-89,19.00,0.000,2.03,8.2
24-02-89,18.30,0.000,2.34,11.2
25-02-89,17.40,0.000,2.51,12.4
26-02-89,17.00,0.000,2.70,14.0
27-02-89,16.60,0.000,2.84,15.4
28-02-89,16.30,0.000,2.89,15.8
01-03-89,16.30,0.000,2.95,15.7
02-03-89,16.00,0.000,2.93,15.1
03-03-89,15.70,0.000,2.92,14.8
04-03-89,15.60,0.000,2.91,14.4
05-03-89,15.20,0.000,2.99,15.3
06-03-89,15.20,0.000,2.92,15.3
07-03-89,14.90,0.000,3.04,16.4
08-03-89,14.90,0.000,3.01,16.4
09-03-89,14.70,0.000,2.96,16.0
10-03-89,14.60,0.000,2.95,15.4
11-03-89,14.90,0.000,2.56,13.4
12-03-89,15.60,1.334,2.75,14.7
13-03-89,15.20,0.350,2.78,14.0
14-03-89,15.80,0.000,2.75,14.3
15-03-89,24.00,0.460,2.88,14.6
16-03-89,17.70,0.000,2.88,14.6
17-03-89,16.10,0.000,3.02,15.5
18-03-89,16.00,0.000,3.10,16.9
19-03-89,15.60,0.920,2.96,15.8
20-03-89,16.20,0.069,3.03,17.1
21-03-89,16.30,1.680,3.26,18.9
22-03-89,16.00,1.120,3.40,19.3
23-03-89,15.60,0.000,3.51,19.5
24-03-89,15.20,0.000,3.58,19.2
25-03-89,15.00,0.000,3.63,19.6
26-03-89,14.60,0.000,3.52,18.5
27-03-89,14.40,0.000,3.20,16.7
28-03-89,14.20,0.000,3.35,17.9
29-03-89,14.10,0.000,3.12,15.9
30-03-89,14.60,0.000,3.21,14.9
31-03-89,15.40,0.000,3.46,18.0
01-04-89,15.00,0.000,3.88,20.2
02-04-89,14.60,0.000,3.99,19.8
03-04-89,14.20,0.000,3.90,17.8
04-04-89,13.80,0.000,3.87,17.1
05-04-89,13.80,0.000,3.78,16.5
06-04-89,13.80,0.000,3.81,16.5
07-04-89,13.80,0.000,3.89,17.5
08-04-89,13.50,0.000,4.05,18.5
09-04-89,13.50,0.000,4.17,19.7
10-04-89,13.50,0.000,4.20,19.3
11-04-89,13.50,1.529,4.07,18.2
12-04-89,13.20,0.350,4.19,18.5
13-04-89,13.20,0.000,4.17,18.4
14-04-89,12.90,0.000,4.24,18.5
15-04-89,12.90,0.000,4.24,18.6
16-04-89,12.70,0.000,4.48,20.7
17-04-89,12.60,0.000,4.46,20.2
18-04-89,12.60,0.000,4.47,20.4
19-04-89,12.30,0.000,4.57,20.4
20-04-89,12.30,0.000,4.57,20.1
21-04-89,12.30,0.000,4.51,20.1
22-04-89,12.30,0.000,4.55,20.1
23-04-89,12.90,0.000,4.50,20.4
24-04-89,12.80,0.000,4.73,22.5
25-04-89,12.90,0.000,4.70,21.9
26-04-89,12.70,0.161,4.60,21.2
27-04-89,12.60,0.000,4.13,18.3
28-04-89,12.60,0.000,4.39,19.7
29-04-89,12.30,0.000,4.35,19.5
30-04-89,12.30,0.000,4.33,19.4
01-05-89,12.60,0.000,4.43,20.9
02-05-89,12.40,0.000,4.78,23.2
03-05-89,12.90,0.000,5.00,24.9
04-05-89,12.60,0.000,5.05,25.3
05-05-89,12.30,0.000,5.06,24.9
06-05-89,12.30,0.000,5.02,24.6
07-05-89,12.10,0.000,5.09,24.0
08-05-89,12.00,0.000,4.86,22.3
09-05-89,11.70,0.000,4.67,21.0
10-05-89,11.50,0.000,4.60,20.8
11-05-89,11.40,0.000,4.78,22.5
12-05-89,11.50,1.323,4.74,23.5
13-05-89,14.90,15.877,4.20,19.3
14-05-89,14.90,7.079,4.35,20.5
15-05-89,19.90,6.122,4.51,20.9
16-05-89,17.70,0.000,4.71,23.0
17-05-89,16.40,2.818,4.60,22.7
18-05-89,16.30,10.143,4.90,24.0
19-05-89,17.20,0.782,4.86,24.2
20-05-89,52.80,6.850,4.74,23.0
21-05-89,41.90,2.124,4.76,23.3
22-05-89,28.10,0.719,4.97,24.1
23-05-89,33.80,2.081,4.92,23.7
24-05-89,57.00,22.019,4.92,23.6
25-05-89,156.70,5.506,4.80,22.7
26-05-89,149.30,44.509,4.49,20.2
27-05-89,265.20,10.515,4.56,20.5
28-05-89,154.20,12.600,4.87,22.5
29-05-89,156.10,18.972,4.81,22.0
30-05-89,150.30,16.265,4.85,21.5
31-05-89,61.20,0.000,4.95,22.4
01-06-89,55.20,7.122,5.08,22.8
02-06-89,241.90,32.256,5.09,23.0
03-06-89,144.90,0.000,5.14,23.5
04-06-89,50.40,1.485,5.03,22.9
05-06-89,33.80,0.630,5.05,22.7
06-06-89,35.40,3.709,5.11,23.2
07-06-89,57.50,0.000,5.26,23.7
08-06-89,40.40,0.000,5.32,24.2
09-06-89,30.80,2.583,5.50,25.5
10-06-89,34.40,6.489,5.47,25.9
11-06-89,35.60,6.739,5.34,25.2
12-06-89,37.40,3.883,5.28,24.7
13-06-89,147.00,13.532,5.11,23.6
14-06-89,71.60,1.736,5.19,24.4
15-06-89,95.50,7.171,5.28,25.1
16-06-89,199.40,19.341,5.27,24.7
17-06-89,222.00,12.663,5.08,23.6
18-06-89,98.50,0.483,4.78,22.0
19-06-89,98.90,3.261,4.93,23.2
20-06-89,82.40,1.039,4.97,23.8
21-06-89,81.20,5.376,5.04,23.8
22-06-89,71.20,3.380,5.06,24.5
23-06-89,66.40,0.833,5.02,24.6
24-06-89,64.40,0.000,4.99,24.3
25-06-89,68.00,6.532,5.16,25.7
26-06-89,56.50,3.983,5.15,25.6
27-06-89,64.70,0.000,4.96,24.4
28-06-89,73.20,1.381,4.98,24.6
29-06-89,65.20,7.131,5.05,25.1
30-06-89,64.00,5.869,4.90,24.5
01-07-89,272.00,57.977,4.91,24.2
02-07-89,250.00,6.007,4.82,23.4
03-07-89,434.00,38.474,4.83,23.6
04-07-89,576.00,85.375,4.88,24.0
05-07-89,1660.00,10.507,4.88,24.2
06-07-89,785.00,39.698,4.96,24.7
07-07-89,858.00,22.273,4.92,24.2
08-07-89,597.00,19.468,4.86,23.7
09-07-89,587.00,7.624,5.04,24.8
10-07-89,431.00,11.893,5.01,24.5
11-07-89,432.00,11.301,4.91,24.1
12-07-89,582.00,18.543,4.96,24.4
13-07-89,472.00,0.770,5.00,24.0
14-07-89,832.00,43.645,4.57,21.1
15-07-89,974.00,38.082,4.61,21.4
16-07-89,548.00,12.689,4.96,23.8
17-07-89,337.00,9.643,5.08,24.5
18-07-89,250.00,5.383,4.82,22.7
19-07-89,221.00,9.158,4.77,22.3
20-07-89,283.00,4.352,5.16,24.7
21-07-89,305.00,0.000,4.78,22.4
22-07-89,218.00,0.920,5.36,25.6
23-07-89,413.00,25.503,5.32,25.7
24-07-89,202.00,0.000,5.38,26.2
25-07-89,225.00,0.000,5.16,24.8
26-07-89,181.00,0.000,5.25,25.3
27-07-89,214.00,3.517,5.14,24.8
28-07-89,231.00,29.152,4.95,23.7
29-07-89,684.00,67.739,4.67,21.6
30-07-89,1460.00,29.609,4.71,22.0
31-07-89,750.00,14.882,4.76,22.1
01-08-89,414.00,6.591,4.54,21.0
02-08-89,333.00,1.976,4.69,22.3
03-08-89,312.00,0.652,5.03,24.7
04-08-89,287.00,1.362,4.96,24.8
05-08-89,273.00,9.155,4.90,24.5
06-08-89,225.00,7.412,4.70,23.3
07-08-89,234.00,3.638,4.83,24.5
08-08-89,220.00,4.485,4.71,23.8
09-08-89,194.00,3.680,4.71,23.9
10-08-89,198.00,6.210,4.79,24.6
11-08-89,196.00,0.644,4.76,24.8
12-08-89,204.00,8.412,4.64,24.0
13-08-89,255.00,10.286,4.63,24.5
14-08-89,164.00,0.529,4.72,25.2
15-08-89,121.00,0.138,4.62,24.5
16-08-89,204.00,9.181,4.64,24.9
17-08-89,241.00,6.237,4.63,25.1
18-08-89,142.00,0.738,4.54,24.7
19-08-89,119.00,0.560,4.45,24.0
20-08-89,289.00,19.248,4.47,24.4
21-08-89,268.00,7.486,4.41,24.2
22-08-89,329.00,18.564,4.54,24.8
23-08-89,302.00,3.328,4.48,24.6
24-08-89,189.00,0.391,4.41,24.9
25-08-89,167.00,0.851,4.41,24.5
26-08-89,169.00,0.345,4.49,25.1
27-08-89,142.00,0.630,4.55,25.6
28-08-89,130.00,0.541,4.47,25.2
29-08-89,159.00,1.953,4.48,25.0
30-08-89,198.00,0.336,4.37,24.5
31-08-89,178.00,0.000,4.35,24.2
01-09-89,259.00,7.935,4.30,24.2
02-09-89,230.00,0.364,4.37,24.6
03-09-89,222.00,0.924,4.45,25.4
04-09-89,229.00,26.251,4.21,24.4
05-09-89,570.00,40.721,4.04,22.8
06-09-89,682.00,86.621,3.93,21.9
07-09-89,1223.00,21.819,4.36,25.1
08-09-89,610.00,5.955,4.26,24.5
09-09-89,578.00,24.633,4.37,25.2
10-09-89,528.00,19.178,4.32,25.2
11-09-89,270.00,2.243,4.19,23.8
12-09-89,295.00,1.656,4.15,23.5
13-09-89,202.00,1.049,4.12,23.7
14-09-89,224.00,4.055,3.84,21.8
15-09-89,180.00,1.880,4.23,24.7
16-09-89,155.00,0.252,4.23,24.3
17-09-89,121.00,0.391,4.23,25.1
18-09-89,182.00,3.220,4.03,23.7
19-09-89,204.00,0.460,4.07,23.6
20-09-89,209.00,2.507,3.99,23.3
21-09-89,234.00,5.405,3.97,23.8
22-09-89,241.00,4.295,4.01,23.9
23-09-89,184.00,0.690,4.01,24.3
24-09-89,203.00,13.464,3.95,24.2
25-09-89,231.00,18.540,3.82,23.1
26-09-89,232.00,0.437,3.82,23.5
27-09-89,169.00,9.812,3.63,22.4
28-09-89,352.00,2.925,3.43,21.2
29-09-89,365.00,84.758,3.66,22.8
30-09-89,872.00,12.625,3.72,23.4
01-10-89,354.00,0.140,3.51,23.1
02-10-89,202.00,0.000,3.57,24.1
03-10-89,165.00,0.000,3.52,24.5
04-10-89,144.00,0.000,3.51,24.0
05-10-89,118.00,0.000,3.45,24.0
06-10-89,105.00,0.000,3.37,23.4
07-10-89,99.80,0.000,3.33,23.4
08-10-89,99.80,1.953,3.17,22.2
09-10-89,98.50,0.000,3.21,22.3
10-10-89,103.00,0.598,3.02,20.8
11-10-89,102.00,0.460,3.10,22.0
12-10-89,95.00,4.347,2.97,21.2
13-10-89,88.80,3.910,3.14,22.8
14-10-89,79.60,0.046,3.12,22.3
15-10-89,74.40,0.000,3.19,22.8
16-10-89,69.60,0.000,3.06,21.7
17-10-89,67.20,0.000,2.98,21.6
18-10-89,65.60,0.345,2.92,20.5
19-10-89,68.00,0.000,2.87,20.8
20-10-89,75.20,0.000,2.80,20.1
21-10-89,61.60,0.046,2.73,18.4
22-10-89,59.20,0.000,2.86,20.0
23-10-89,54.50,0.000,2.66,17.7
24-10-89,53.00,0.000,2.85,19.6
25-10-89,51.50,0.000,2.87,20.2
26-10-89,50.30,0.000,2.75,19.2
27-10-89,50.30,0.000,2.72,18.5
28-10-89,49.70,0.000,2.59,18.1
29-10-89,48.80,0.000,2.59,17.5
30-10-89,48.20,0.000,2.58,16.8
31-10-89,47.00,0.000,2.62,17.0
01-11-89,45.50,0.000,2.60,16.8
02-11-89,44.00,0.000,2.53,16.2
03-11-89,42.50,0.000,2.42,15.1
04-11-89,40.70,0.000,2.47,16.2
05-11-89,39.80,0.000,2.49,16.1
06-11-89,39.20,0.000,2.49,15.6
07-11-89,38.00,0.000,2.42,15.0
08-11-89,36.80,0.000,2.42,15.2
09-11-89,36.20,0.000,2.39,14.9
10-11-89,35.30,0.000,2.38,15.3
11-11-89,34.10,0.000,2.41,16.2
12-11-89,33.20,0.000,2.38,17.0
13-11-89,32.60,0.000,2.32,15.7
14-11-89,32.30,0.000,2.33,15.9
15-11-89,31.40,0.000,2.28,15.9
16-11-89,30.80,0.000,2.34,16.2
17-11-89,30.20,0.000,2.14,14.1
18-11-89,29.90,0.000,2.19,15.6
19-11-89,29.60,0.000,2.19,15.6
20-11-89,29.00,0.000,2.08,14.4
21-11-89,29.00,0.000,2.11,15.5
22-11-89,28.40,0.000,1.97,13.7
23-11-89,28.40,0.000,2.01,14.0
24-11-89,27.70,0.000,2.02,14.3
25-11-89,27.30,0.000,1.83,12.6
26-11-89,27.00,0.000,1.98,13.6
27-11-89,26.40,0.000,1.87,12.0
28-11-89,26.40,0.000,1.87,13.4
29-11-89,25.70,0.000,1.79,11.7
30-11-89,25.70,0.000,1.83,12.0
01-12-89,25.10,0.000,1.79,11.7
02-12-89,25.10,0.000,1.87,12.3
03-12-89,24.70,0.000,1.80,11.9
04-12-89,24.40,0.000,1.73,10.9
05-12-89,23.80,0.000,1.75,11.5
06-12-89,23.80,0.000,1.81,12.3
07-12-89,23.80,0.000,1.81,12.5
08-12-89,23.20,0.000,1.75,11.6
09-12-89,23.20,0.000,1.80,12.3
10-12-89,23.20,0.000,1.71,11.4
11-12-89,22.70,0.000,1.77,13.0
12-12-89,22.50,0.000,1.75,13.1
13-12-89,22.50,0.000,1.72,12.8
14-12-89,22.50,0.161,1.67,11.4
15-12-89,21.90,0.000,1.74,11.4
16-12-89,21.90,0.000,1.72,11.1
17-12-89,21.90,0.000,1.73,11.3
18-12-89,21.60,0.000,1.71,11.1
19-12-89,21.40,0.000,1.62,10.3
20-12-89,21.40,0.000,1.56,9.6
21-12-89,21.40,0.000,1.74,11.5
22-12-89,20.80,0.000,1.65,10.6
23-12-89,20.80,0.000,1.77,12.2
24-12-89,20.70,0.000,1.73,11.9
25-12-89,20.30,0.000,1.78,12.2
26-12-89,20.30,0.000,1.68,10.6
27-12-89,20.30,0.000,1.60,9.3
28-12-89,20.30,0.000,1.54,8.4
29-12-89,19.80,0.000,1.58,9.5
30-12-89,19.80,0.000,1.58,9.4
31-12-89,19.80,0.000,1.64,10.0
01-01-90,19.80,0.000,1.67,9.3
02-01-90,19.20,0.000,1.62,9.2
03-01-90,19.20,0.000,1.74,10.2
04-01-90,19.20,0.000,1.71,9.8
05-01-90,19.20,0.000,1.68,10.5
06-01-90,18.60,0.000,1.71,10.1
07-01-90,18.60,0.000,1.72,10.5
08-01-90,18.60,0.000,1.77,11.3
09-01-90,18.10,0.000,1.73,10.9
10-01-90,18.10,0.000,1.78,11.5
11-01-90,18.10,0.000,1.86,12.6
12-01-90,18.30,0.000,1.84,12.1
13-01-90,18.50,0.000,1.85,12.2
14-01-90,18.10,0.000,1.86,11.8
15-01-90,18.10,0.000,1.79,10.8
16-01-90,18.10,0.000,1.91,12.4
17-01-90,18.10,0.000,2.01,12.9
18-01-90,17.60,0.000,2.01,13.0
19-01-90,17.60,0.000,1.97,13.0
20-01-90,17.60,0.000,2.01,15.3
21-01-90,17.60,0.000,2.05,14.7
22-01-90,17.60,0.000,2.33,17.0
23-01-90,18.10,0.000,2.03,14.7
24-01-90,17.60,0.000,2.08,14.8
25-01-90,17.60,0.000,2.09,15.3
26-01-90,17.00,0.000,1.90,11.6
27-01-90,17.00,0.000,2.13,15.3
28-01-90,16.80,0.000,2.21,15.5
29-01-90,16.60,0.000,2.24,15.5
30-01-90,16.60,0.000,2.26,14.9
31-01-90,16.60,0.000,2.25,14.7
01-02-90,16.30,0.000,2.24,14.8
02-02-90,16.30,0.000,2.20,14.3
03-02-90,16.00,0.000,2.08,12.0
04-02-90,16.00,0.000,1.97,11.6
05-02-90,15.70,0.000,2.09,13.3
06-02-90,16.10,0.000,2.09,13.0
07-02-90,17.60,0.000,2.05,13.0
08-02-90,17.00,0.000,2.27,14.9
09-02-90,16.20,0.000,2.35,15.1
10-02-90,16.60,0.000,2.19,13.3
11-02-90,37.00,8.724,2.41,16.2
12-02-90,17.40,0.000,2.26,13.3
13-02-90,17.60,0.023,1.98,10.9
14-02-90,102.90,31.272,2.11,12.3
15-02-90,34.70,4.138,2.26,12.8
16-02-90,21.90,0.000,2.28,12.6
17-02-90,20.30,0.000,2.43,13.7
18-02-90,19.20,0.000,1.90,8.6
19-02-90,28.80,6.760,2.38,13.1
20-02-90,18.60,0.000,2.27,11.8
21-02-90,19.60,2.067,2.22,10.5
22-02-90,29.60,5.338,2.26,11.1
23-02-90,19.80,0.000,2.25,10.9
24-02-90,20.30,1.195,2.29,11.2
25-02-90,19.20,0.910,2.29,11.7
26-02-90,18.60,0.256,2.43,12.4
27-02-90,18.10,0.769,2.40,12.2
28-02-90,18.60,1.811,2.31,12.1
01-03-90,18.60,1.014,2.61,13.5
02-03-90,18.10,0.000,2.42,11.5
03-03-90,18.10,0.000,2.44,11.2
04-03-90,17.60,0.000,2.53,12.3
05-03-90,17.20,0.000,2.58,12.7
06-03-90,17.00,0.000,2.65,13.4
07-03-90,16.80,0.000,2.56,12.5
08-03-90,16.40,0.000,2.58,12.8
09-03-90,20.30,2.729,2.54,13.4
10-03-90,16.30,0.046,2.65,13.9
11-03-90,26.70,6.742,2.53,11.8
12-03-90,152.50,23.033,2.62,13.9
13-03-90,52.30,0.839,2.40,10.9
14-03-90,21.90,0.000,2.71,14.0
15-03-90,20.10,0.000,2.91,15.9
16-03-90,18.30,0.000,3.02,17.5
17-03-90,17.60,0.000,3.17,18.8
18-03-90,16.80,0.000,3.19,17.8
19-03-90,16.30,0.210,3.09,17.1
20-03-90,16.10,0.000,3.23,17.9
21-03-90,16.00,0.000,3.32,18.5
22-03-90,16.00,0.000,3.31,18.7
23-03-90,26.20,5.361,3.04,16.4
24-03-90,19.90,3.519,3.00,15.0
25-03-90,19.00,1.096,2.91,14.4
26-03-90,16.90,0.000,2.66,11.3
27-03-90,17.00,0.490,2.71,12.0
28-03-90,17.40,0.530,3.03,14.5
29-03-90,37.20,8.268,3.24,16.5
30-03-90,18.10,0.023,3.29,15.7
31-03-90,17.00,0.000,3.39,16.4
01-04-90,16.30,0.000,3.38,14.8
02-04-90,16.00,2.815,3.28,13.8
03-04-90,16.00,0.000,3.37,15.2
04-04-90,116.30,11.134,3.21,13.0
05-04-90,72.80,2.740,3.28,13.6
06-04-90,18.10,0.092,3.55,15.6
07-04-90,16.50,0.000,3.61,15.9
08-04-90,76.60,9.009,3.68,16.4
09-04-90,68.60,6.432,3.76,16.7
10-04-90,18.30,0.000,3.88,17.7
11-04-90,17.00,0.000,4.02,18.8
12-04-90,16.50,0.000,4.24,21.3
13-04-90,116.20,12.789,4.30,20.6
14-04-90,20.50,0.957,4.16,18.9
15-04-90,17.50,0.000,4.26,19.2
16-04-90,15.60,0.000,4.32,19.9
17-04-90,15.20,0.000,4.38,20.6
18-04-90,15.10,0.000,4.43,21.1
19-04-90,35.20,5.338,4.07,18.8
20-04-90,26.30,3.822,4.26,19.2
21-04-90,16.00,0.115,4.44,20.8
22-04-90,15.60,0.000,4.47,20.4
23-04-90,15.40,0.000,4.64,22.0
24-04-90,14.90,0.000,4.58,22.6
25-04-90,214.80,17.829,4.46,21.8
26-04-90,129.60,8.536,4.11,18.8
27-04-90,121.80,3.438,4.29,20.8
28-04-90,190.00,7.093,4.15,19.4
29-04-90,190.90,7.662,3.87,17.2
30-04-90,232.00,27.515,4.18,19.3
01-05-90,63.60,1.000,4.18,18.8
02-05-90,26.40,0.000,4.08,18.3
03-05-90,22.40,0.000,4.37,20.7
04-05-90,122.00,10.210,3.96,17.6
05-05-90,23.40,0.851,4.30,20.5
06-05-90,51.00,5.068,4.49,22.6
07-05-90,272.80,28.162,4.24,20.2
08-05-90,30.30,0.140,4.55,23.2
09-05-90,25.30,0.000,4.54,22.1
10-05-90,24.00,2.162,4.50,22.4
11-05-90,27.10,0.770,4.55,22.4
12-05-90,28.90,2.093,4.45,21.4
13-05-90,27.70,0.434,4.48,21.5
14-05-90,25.10,0.391,4.52,22.3
15-05-90,268.40,28.413,4.66,23.1
16-05-90,31.70,0.000,4.91,24.6
17-05-90,26.20,0.046,4.82,24.4
18-05-90,127.10,10.549,4.36,20.6
19-05-90,54.00,0.680,4.68,22.7
20-05-90,239.10,23.754,4.49,20.8
21-05-90,173.20,13.220,4.66,21.5
22-05-90,147.90,7.539,4.54,20.0
23-05-90,42.50,1.846,4.62,21.0
24-05-90,41.30,0.386,4.68,21.9
25-05-90,39.80,8.783,4.71,21.6
26-05-90,59.40,0.000,4.79,22.1
27-05-90,144.30,13.209,4.88,22.8
28-05-90,104.00,3.032,5.04,23.7
29-05-90,226.00,17.746,4.58,20.4
30-05-90,75.60,3.612,4.88,21.8
31-05-90,66.80,0.000,5.12,23.7
01-06-90,169.60,12.927,5.32,25.0
02-06-90,175.70,10.898,5.25,24.8
03-06-90,104.00,9.160,5.30,24.5
04-06-90,57.70,0.552,5.32,24.9
05-06-90,162.30,11.020,5.11,23.2
06-06-90,148.50,9.327,5.28,24.1
07-06-90,41.00,0.000,5.31,24.4
08-06-90,40.40,3.402,5.23,23.6
09-06-90,38.00,4.316,5.18,24.0
10-06-90,267.00,20.110,5.01,22.9
11-06-90,78.20,0.000,5.17,24.1
12-06-90,72.50,0.000,5.06,21.9
13-06-90,70.80,0.000,5.15,23.8
14-06-90,143.10,9.439,5.17,24.2
15-06-90,57.90,0.000,5.12,24.4
16-06-90,264.50,18.559,5.12,24.3
17-06-90,62.40,0.598,5.20,25.0
18-06-90,189.90,10.166,5.26,25.5
19-06-90,112.00,4.102,5.10,24.5
20-06-90,287.40,20.161,4.98,23.6
21-06-90,115.00,9.660,5.04,24.6
22-06-90,92.50,2.045,5.11,25.0
23-06-90,128.00,5.867,4.99,24.4
24-06-90,191.00,1.820,5.08,25.4
25-06-90,112.00,8.324,5.11,25.6
26-06-90,348.00,54.488,5.12,25.5
27-06-90,499.00,20.205,4.97,24.5
28-06-90,243.00,10.777,5.04,25.5
29-06-90,319.00,16.135,4.95,24.6
30-06-90,410.00,18.381,4.98,24.8
01-07-90,329.00,4.314,4.95,24.8
02-07-90,246.00,13.781,5.06,25.9
03-07-90,212.00,7.130,4.91,24.2
04-07-90,132.00,0.422,4.81,23.9
05-07-90,132.00,7.115,4.94,24.6
06-07-90,107.00,3.118,4.96,24.8
07-07-90,538.00,61.877,4.86,24.1
08-07-90,921.00,112.904,4.69,22.7
09-07-90,2020.00,20.150,4.71,22.9
10-07-90,573.00,28.160,4.92,24.1
11-07-90,255.00,1.608,4.97,24.5
12-07-90,237.00,8.190,4.81,23.1
13-07-90,313.00,3.613,4.92,23.9
14-07-90,649.00,25.060,4.72,22.6
15-07-90,299.00,0.878,5.04,24.6
16-07-90,182.00,0.000,5.01,24.4
17-07-90,151.00,25.527,4.94,23.7
18-07-90,561.00,36.896,4.80,22.5
19-07-90,384.00,6.184,4.88,23.1
20-07-90,649.00,12.673,4.93,23.1
21-07-90,366.00,1.952,5.02,24.0
22-07-90,303.00,8.429,5.12,24.5
23-07-90,250.00,2.706,5.09,24.4
24-07-90,197.00,0.161,5.12,24.6
25-07-90,178.00,10.811,5.03,24.1
26-07-90,309.00,6.628,4.91,23.1
27-07-90,536.00,39.986,4.96,23.6
28-07-90,752.00,33.425,4.89,23.0
29-07-90,502.00,14.542,5.00,24.0
30-07-90,199.00,1.958,5.01,24.1
31-07-90,184.00,0.186,4.84,23.1
01-08-90,161.00,3.390,4.99,24.7
02-08-90,284.00,8.899,4.87,23.8
03-08-90,288.00,6.192,4.85,23.7
04-08-90,341.00,18.963,4.82,24.1
05-08-90,736.00,36.200,4.82,24.2
06-08-90,835.00,28.685,4.71,23.6
07-08-90,501.00,3.798,4.66,22.9
08-08-90,213.00,0.704,4.76,24.4
09-08-90,231.00,3.893,4.80,24.8
10-08-90,355.00,56.954,4.62,23.7
11-08-90,519.00,53.730,4.43,22.3
12-08-90,1590.00,45.765,4.22,20.7
13-08-90,1420.00,29.993,4.06,19.4
14-08-90,489.00,6.074,4.50,23.6
15-08-90,339.00,4.213,4.39,22.4
16-08-90,252.00,1.690,4.43,23.2
17-08-90,237.00,2.058,4.48,24.4
18-08-90,205.00,7.749,4.46,24.5
19-08-90,181.00,8.067,4.53,24.9
20-08-90,165.00,1.323,4.61,25.6
21-08-90,125.00,0.000,4.46,24.9
22-08-90,122.00,0.000,4.39,23.6
23-08-90,114.00,0.000,4.38,24.4
24-08-90,703.00,127.070,4.47,25.2
25-08-90,3040.00,118.832,4.39,24.6
26-08-90,1504.00,7.700,4.30,24.2
27-08-90,1030.00,24.326,4.10,22.1
28-08-90,745.00,0.578,4.34,24.2
29-08-90,453.00,2.100,4.37,24.8
30-08-90,364.00,0.000,4.42,25.4
31-08-90,319.00,0.414,4.54,26.0
01-09-90,258.00,0.196,4.45,25.8
02-09-90,222.00,7.542,4.29,24.7
03-09-90,204.00,0.442,4.23,24.5
04-09-90,193.00,0.714,4.14,23.7
05-09-90,183.00,0.322,4.12,23.3
06-09-90,271.00,9.387,4.15,23.7
07-09-90,175.00,0.000,4.16,23.8
08-09-90,167.00,0.000,4.24,24.5
09-09-90,367.00,47.439,4.09,23.0
10-09-90,509.00,45.913,3.86,21.8
11-09-90,681.00,34.283,3.93,22.1
12-09-90,587.00,30.159,4.08,23.4
13-09-90,449.00,8.423,4.19,23.8
14-09-90,618.00,26.241,4.05,22.8
15-09-90,392.00,0.752,4.09,23.6
16-09-90,239.00,2.504,4.14,24.0
17-09-90,279.00,6.479,4.12,24.2
18-09-90,368.00,5.248,3.84,22.0
19-09-90,283.00,0.000,4.05,23.9
20-09-90,276.00,3.726,3.93,23.3
21-09-90,232.00,2.116,3.78,21.6
22-09-90,232.00,0.232,3.83,22.9
23-09-90,206.00,0.420,3.91,23.1
24-09-90,223.00,102.013,3.60,21.4
25-09-90,1970.00,19.656,3.16,17.6
26-09-90,763.00,5.310,3.60,21.4
27-09-90,598.00,57.999,3.80,23.3
28-09-90,810.00,0.000,3.67,22.8
29-09-90,447.00,0.000,3.67,23.0
30-09-90,387.00,4.554,3.52,21.1
01-10-90,326.00,18.835,3.30,21.5
02-10-90,443.00,24.822,3.37,22.7
03-10-90,514.00,0.023,3.29,22.1
04-10-90,294.00,0.000,3.24,22.0
05-10-90,318.00,6.839,3.30,22.9
06-10-90,444.00,12.663,3.36,23.9
07-10-90,613.00,31.752,3.24,22.8
08-10-90,843.00,51.739,3.20,22.4
09-10-90,576.00,2.241,2.95,20.6
10-10-90,299.00,0.084,2.96,20.9
11-10-90,410.00,28.812,3.03,21.5
12-10-90,392.00,7.623,2.98,21.7
13-10-90,500.00,25.893,2.89,20.8
14-10-90,384.00,3.926,2.35,15.3
15-10-90,438.00,13.478,2.73,18.8
16-10-90,212.00,3.011,2.68,17.9
17-10-90,194.00,0.000,2.77,19.3
18-10-90,181.00,0.000,2.73,18.7
19-10-90,167.00,0.000,2.74,18.6
20-10-90,170.00,0.000,2.71,18.7
21-10-90,162.00,0.000,2.66,17.5
22-10-90,167.00,0.000,2.63,17.7
23-10-90,161.00,0.000,2.61,17.9
24-10-90,153.00,0.000,2.61,18.3
25-10-90,150.00,0.000,2.58,17.7
26-10-90,148.00,0.000,2.50,16.6
27-10-90,145.00,0.000,2.47,16.3
28-10-90,143.00,0.000,2.50,16.3
29-10-90,139.00,0.000,2.49,16.2
30-10-90,134.00,0.000,2.49,16.2
31-10-90,129.00,0.000,2.45,16.4
01-11-90,125.00,0.000,2.45,15.2
02-11-90,123.00,0.000,2.49,15.7
03-11-90,120.00,0.000,2.48,15.7
04-11-90,117.00,0.000,2.48,16.1
05-11-90,113.00,0.000,2.48,15.7
06-11-90,111.00,0.000,2.51,16.9
07-11-90,107.00,0.000,2.51,17.2
08-11-90,105.00,0.000,2.50,17.2
09-11-90,103.00,0.000,2.53,17.9
10-11-90,99.80,0.000,2.51,17.2
11-11-90,97.40,0.000,2.49,17.3
12-11-90,94.40,0.000,2.43,17.4
13-11-90,92.00,0.000,2.45,17.8
14-11-90,90.20,0.000,2.47,17.4
15-11-90,89.00,0.000,2.46,17.1
16-11-90,87.80,0.000,2.35,16.5
17-11-90,86.60,0.000,2.28,16.1
18-11-90,83.60,0.000,2.25,17.0
19-11-90,81.50,0.000,2.14,15.0
20-11-90,78.80,0.000,2.09,14.5
21-11-90,77.60,0.000,2.15,16.6
22-11-90,77.00,0.000,2.16,15.5
23-11-90,75.20,0.000,2.13,15.4
24-11-90,73.40,0.000,2.09,15.1
25-11-90,71.60,0.000,2.03,14.6
26-11-90,69.80,0.000,1.97,14.5
27-11-90,68.00,0.000,1.98,14.1
28-11-90,66.40,0.000,1.93,13.5
29-11-90,64.80,0.000,1.86,13.2
30-11-90,63.20,0.000,1.88,13.4
01-12-90,61.60,0.000,1.83,13.6
02-12-90,60.00,0.000,1.76,13.0
03-12-90,60.00,0.000,1.77,13.8
04-12-90,58.40,0.000,1.81,14.2
05-12-90,56.80,0.000,1.81,13.4
06-12-90,55.20,0.000,1.76,12.8
07-12-90,53.60,0.000,1.72,12.2
08-12-90,52.00,0.000,1.72,12.3
09-12-90,50.60,0.000,1.70,11.7
10-12-90,49.20,0.000,1.73,13.2
11-12-90,47.80,0.000,1.71,11.9
12-12-90,46.40,0.000,1.75,12.1
13-12-90,45.00,0.000,1.71,11.7
14-12-90,43.60,0.000,1.67,11.4
15-12-90,42.20,0.000,1.63,11.4
16-12-90,40.80,0.000,1.69,11.1
17-12-90,39.40,0.000,1.77,11.8
18-12-90,38.00,0.000,1.76,11.7
19-12-90,36.80,0.000,1.70,10.9
20-12-90,35.60,0.000,1.78,11.6
21-12-90,34.40,0.000,1.74,11.3
22-12-90,33.20,0.000,1.74,11.3
23-12-90,32.00,0.000,1.79,12.4
24-12-90,30.80,0.000,1.72,11.1
25-12-90,29.60,0.000,1.71,11.0
26-12-90,28.40,0.000,1.74,11.4
27-12-90,28.40,0.000,1.74,11.6
28-12-90,27.20,0.000,1.68,11.1
29-12-90,26.00,0.000,1.56,10.0
30-12-90,26.00,0.000,1.71,11.6
31-12-90,26.00,4.487,1.81,13.4
01-01-91,28.80,6.817,1.51,9.5
02-01-91,46.40,10.918,1.46,8.3
03-01-91,87.80,1.012,1.49,8.1
04-01-91,56.80,0.000,1.48,8.6
05-01-91,41.30,0.000,1.62,9.6
06-01-91,35.20,0.000,1.61,9.5
07-01-91,32.40,0.000,1.61,9.7
08-01-91,34.40,0.000,1.61,10.0
09-01-91,31.20,0.000,1.69,10.2
10-01-91,29.20,0.000,1.70,10.5
11-01-91,27.20,0.000,1.73,10.9
12-01-91,26.00,0.000,1.60,8.7
13-01-91,25.10,0.000,1.72,11.6
14-01-91,24.20,0.000,1.61,9.9
15-01-91,24.20,0.000,1.46,8.3
16-01-91,23.00,0.000,1.44,8.1
17-01-91,21.80,0.000,1.73,10.8
18-01-91,20.60,0.000,1.70,10.3
19-01-91,19.70,0.000,1.68,10.3
20-01-91,18.80,0.000,1.52,8.9
21-01-91,17.90,0.000,1.62,9.7
22-01-91,17.00,0.000,1.60,8.8
23-01-91,16.50,0.000,1.51,8.3
24-01-91,16.00,0.000,1.60,8.7
25-01-91,15.50,0.000,1.60,8.9
26-01-91,15.00,0.000,1.77,10.4
27-01-91,14.50,0.000,2.01,12.2
28-01-91,14.00,0.000,2.10,13.2
29-01-91,13.50,0.000,2.00,12.3
30-01-91,13.00,0.000,1.95,11.5
31-01-91,12.50,0.000,1.94,11.6
01-02-91,12.00,0.000,1.95,11.9
02-02-91,12.00,0.000,1.99,11.7
03-02-91,12.00,0.000,1.88,10.3
04-02-91,11.60,0.000,1.98,12.0
05-02-91,11.60,0.000,1.97,11.0
06-02-91,11.20,0.000,2.06,11.7
07-02-91,11.20,0.000,2.13,12.0
08-02-91,11.20,0.000,2.23,13.2
09-02-91,10.90,0.000,2.25,13.1
10-02-91,10.50,0.000,2.32,14.6
11-02-91,10.50,0.000,2.42,15.2
12-02-91,10.10,0.000,2.45,14.8
13-02-91,10.10,0.000,2.45,14.4
14-02-91,9.72,0.000,2.41,13.4
15-02-91,9.72,0.000,2.50,13.8
16-02-91,9.34,0.000,2.25,11.4
17-02-91,8.96,0.000,2.55,13.7
18-02-91,8.58,0.000,2.55,15.8
19-02-91,8.20,0.000,2.52,13.9
20-02-91,8.20,0.000,2.64,14.8
21-02-91,7.93,0.000,2.74,15.1
22-02-91,7.93,0.000,2.83,15.7
23-02-91,7.66,0.000,2.51,14.2
24-02-91,7.66,0.000,2.73,14.9
25-02-91,7.93,0.000,2.55,13.8
26-02-91,8.11,0.000,1.99,8.7
27-02-91,8.71,3.448,2.52,13.3
28-02-91,10.40,1.386,2.56,13.7
01-03-91,10.10,0.000,2.65,13.8
02-03-91,9.34,0.000,2.73,14.2
03-03-91,8.96,0.000,2.81,15.1
04-03-91,8.58,0.000,2.92,16.5
05-03-91,8.96,6.503,2.34,11.9
06-03-91,18.20,1.564,2.63,13.8
07-03-91,14.50,0.000,2.75,14.1
08-03-91,11.60,0.000,2.89,16.4
09-03-91,10.90,0.000,3.05,17.4
10-03-91,10.10,0.000,3.09,17.2
11-03-91,9.09,0.000,3.12,17.2
12-03-91,8.33,0.000,3.04,15.7
13-03-91,7.66,0.000,3.03,16.5
14-03-91,7.39,0.070,3.04,16.8
15-03-91,7.12,0.000,3.12,17.0
16-03-91,6.85,0.000,3.20,17.5
17-03-91,6.58,0.000,3.24,17.9
18-03-91,6.31,0.000,3.38,19.3
19-03-91,6.04,0.000,3.42,19.7
20-03-91,5.77,0.000,3.49,19.8
21-03-91,5.50,0.000,3.51,19.0
22-03-91,5.50,0.000,3.31,18.6
23-03-91,5.45,0.000,3.32,18.4
24-03-91,6.49,6.516,2.83,13.9
25-03-91,8.53,1.262,2.89,13.1
26-03-91,8.96,0.000,3.07,15.0
27-03-91,7.48,0.000,3.22,16.5
28-03-91,7.12,0.000,3.42,18.2
29-03-91,6.85,0.000,3.44,18.5
30-03-91,6.58,0.000,3.63,20.2
31-03-91,6.58,0.690,3.55,20.1
01-04-91,100.00,26.726,3.75,19.0
02-04-91,55.60,0.000,3.88,20.1
03-04-91,24.30,0.000,4.01,20.9
04-04-91,15.50,0.000,3.95,19.4
05-04-91,12.00,0.000,4.00,19.7
06-04-91,10.50,0.000,3.97,19.7
07-04-91,9.59,0.000,3.88,18.0
08-04-91,8.96,0.000,4.00,18.6
09-04-91,8.58,0.000,3.50,15.2
10-04-91,12.00,3.933,3.77,16.8
11-04-91,11.20,0.000,3.77,16.2
12-04-91,9.34,0.000,3.94,17.4
13-04-91,7.93,0.000,4.04,18.3
14-04-91,7.30,0.000,4.06,18.4
15-04-91,6.85,0.000,4.33,19.9
16-04-91,6.04,0.000,4.34,19.9
17-04-91,5.47,0.000,4.25,18.8
18-04-91,5.45,0.000,4.19,18.4
19-04-91,5.40,0.000,4.02,17.4
20-04-91,5.25,0.000,4.19,18.3
21-04-91,5.25,0.000,4.28,19.1
22-04-91,5.20,0.000,4.35,19.7
23-04-91,5.15,0.000,4.43,20.3
24-04-91,5.10,1.334,4.55,21.5
25-04-91,5.87,2.030,4.23,18.9
26-04-91,5.57,0.000,4.43,20.7
27-04-91,5.35,0.000,4.36,20.7
28-04-91,5.95,0.000,4.30,20.6
29-04-91,5.48,0.924,4.30,20.8
30-04-91,7.12,2.606,4.29,21.1
01-05-91,6.76,5.380,4.46,22.2
02-05-91,12.50,2.310,4.48,21.3
03-05-91,19.10,10.404,3.98,17.5
04-05-91,13.50,1.748,4.44,20.7
05-05-91,10.70,0.000,4.50,21.9
06-05-91,10.10,0.000,4.53,22.1
07-05-91,8.71,0.000,4.57,22.7
08-05-91,7.48,0.000,4.74,23.8
09-05-91,7.12,6.363,4.73,23.6
10-05-91,11.90,0.000,4.80,23.7
11-05-91,6.58,0.966,4.66,22.6
12-05-91,7.21,0.000,4.57,21.4
13-05-91,5.59,0.000,4.60,21.6
14-05-91,5.37,0.000,4.70,22.6
15-05-91,5.25,0.414,4.84,24.5
16-05-91,5.25,1.886,4.34,20.3
17-05-91,5.23,0.000,4.63,22.5
18-05-91,5.37,7.543,4.51,20.5
19-05-91,13.00,0.280,4.55,21.2
20-05-91,7.45,9.914,4.43,20.0
21-05-91,50.20,0.230,4.78,22.9
22-05-91,37.70,6.228,4.58,21.3
23-05-91,48.50,2.888,4.58,20.4
24-05-91,53.60,0.000,4.86,22.5
25-05-91,47.10,0.140,4.95,23.7
26-05-91,42.80,0.280,4.97,23.8
27-05-91,239.90,33.360,4.90,23.2
28-05-91,131.00,14.411,5.08,24.1
29-05-91,178.10,13.082,5.01,23.5
30-05-91,207.00,26.033,5.03,23.5
31-05-91,109.00,9.567,4.79,20.2
01-06-91,105.00,1.312,4.80,20.4
02-06-91,69.40,1.288,4.92,21.0
03-06-91,62.20,1.470,5.06,22.9
04-06-91,48.70,0.000,5.02,22.7
05-06-91,162.50,12.282,5.15,23.9
06-06-91,65.10,1.978,5.20,24.1
07-06-91,223.00,24.219,5.11,23.3
08-06-91,102.00,0.023,5.15,23.8
09-06-91,108.00,0.490,5.12,23.4
10-06-91,130.00,53.600,5.02,23.1
11-06-91,592.00,1.454,4.96,22.7
12-06-91,102.00,8.122,5.05,23.2
13-06-91,269.00,12.591,4.95,22.8
14-06-91,157.00,9.859,4.96,23.1
15-06-91,136.00,2.602,5.21,24.8
16-06-91,244.00,14.453,5.17,24.4
17-06-91,352.00,2.834,5.04,23.6
18-06-91,267.00,2.764,4.91,23.0
19-06-91,163.00,0.741,4.96,23.5
20-06-91,153.00,1.338,4.98,23.9
21-06-91,147.00,5.523,5.05,24.3
22-06-91,213.00,0.700,4.86,23.2
23-06-91,131.00,2.478,4.98,24.0
24-06-91,145.00,0.448,5.02,24.7
25-06-91,120.00,1.040,4.75,22.4
26-06-91,138.00,3.166,4.76,22.9
27-06-91,213.00,0.140,4.98,24.5
28-06-91,142.00,0.000,4.95,24.4
29-06-91,138.00,0.000,5.04,25.1
30-06-91,128.00,1.952,4.74,23.4
01-07-91,145.00,9.705,4.94,24.5
02-07-91,179.00,12.274,4.89,24.1
03-07-91,273.00,1.114,4.79,23.9
04-07-91,301.00,12.747,4.78,23.7
05-07-91,365.00,14.179,4.80,23.6
06-07-91,518.00,26.068,4.88,24.2
07-07-91,691.00,19.750,4.54,21.8
08-07-91,718.00,11.551,4.91,24.4
09-07-91,649.00,7.993,4.75,23.4
10-07-91,478.00,1.244,5.01,24.6
11-07-91,625.00,32.981,4.86,23.7
12-07-91,369.00,1.324,4.90,23.8
13-07-91,339.00,24.033,4.97,24.1
14-07-91,583.00,91.413,5.08,25.0
15-07-91,1370.00,19.778,4.91,23.8
16-07-91,357.00,2.976,5.09,24.5
17-07-91,350.00,0.420,5.03,24.4
18-07-91,279.00,1.342,5.17,25.2
19-07-91,262.00,2.776,5.15,24.9
20-07-91,255.00,6.363,5.20,25.4
21-07-91,337.00,2.716,4.97,23.8
22-07-91,547.00,28.437,5.04,24.1
23-07-91,306.00,2.817,5.11,24.7
24-07-91,261.00,2.216,5.11,24.5
25-07-91,232.00,0.513,5.09,24.4
26-07-91,228.00,0.989,5.27,25.7
27-07-91,222.00,3.726,5.25,25.6
28-07-91,238.00,0.998,4.95,23.7
29-07-91,214.00,0.548,5.14,25.2
30-07-91,186.00,0.804,5.08,24.6
31-07-91,185.00,3.627,4.97,23.9
01-08-91,225.00,7.999,4.72,22.9
02-08-91,331.00,32.995,4.79,23.5
03-08-91,481.00,38.105,4.64,22.7
04-08-91,518.00,11.726,4.79,23.8
05-08-91,439.00,15.098,4.75,23.7
06-08-91,483.00,27.014,4.81,24.1
07-08-91,364.00,31.913,4.75,24.2
08-08-91,378.00,18.387,4.68,23.6
09-08-91,505.00,56.219,4.65,23.7
10-08-91,1070.00,28.823,4.58,23.4
11-08-91,396.00,11.695,4.62,24.1
12-08-91,348.00,3.276,4.40,22.8
13-08-91,297.00,4.545,4.68,24.7
14-08-91,298.00,15.789,4.60,24.5
15-08-91,827.00,44.833,4.58,24.4
16-08-91,733.00,13.121,4.39,23.2
17-08-91,521.00,31.453,4.31,22.8
18-08-91,495.00,18.120,4.42,23.8
19-08-91,532.00,13.057,4.45,24.1
20-08-91,393.00,1.586,4.41,24.0
21-08-91,309.00,0.000,4.62,25.9
22-08-91,292.00,7.207,4.36,23.9
23-08-91,254.00,0.154,4.42,24.6
24-08-91,234.00,7.161,4.41,24.4
25-08-91,255.00,6.643,4.34,23.9
26-08-91,272.00,31.563,4.37,24.4
27-08-91,520.00,33.844,4.19,23.3
28-08-91,746.00,41.370,4.28,23.8
29-08-91,525.00,25.373,4.33,24.2
30-08-91,382.00,6.054,4.16,23.1
31-08-91,381.00,6.353,4.25,23.7
01-09-91,420.00,8.462,4.02,22.5
02-09-91,625.00,21.843,4.11,23.2
03-09-91,477.00,7.737,4.30,24.7
04-09-91,442.00,9.337,4.14,23.6
05-09-91,422.00,2.658,4.06,23.0
06-09-91,388.00,14.634,4.15,23.7
07-09-91,349.00,7.073,4.08,23.3
08-09-91,446.00,12.957,4.10,23.1
09-09-91,453.00,4.200,4.02,22.9
10-09-91,441.00,14.263,4.10,23.2
11-09-91,391.00,31.214,4.21,24.2
12-09-91,580.00,11.437,4.04,23.0
13-09-91,354.00,1.953,4.01,23.0
14-09-91,365.00,5.170,4.05,23.0
15-09-91,378.00,2.496,3.94,22.5
16-09-91,420.00,12.749,3.98,22.9
17-09-91,315.00,5.815,3.92,22.4
18-09-91,271.00,0.000,3.97,22.5
19-09-91,237.00,0.000,4.00,23.2
20-09-91,187.00,0.000,4.01,23.6
21-09-91,182.00,0.000,3.99,23.6
22-09-91,171.00,0.000,3.95,23.6
23-09-91,157.00,0.000,3.92,23.3
24-09-91,162.00,0.000,3.82,22.7
25-09-91,149.00,0.000,3.74,22.2
26-09-91,253.00,10.168,3.75,22.9
27-09-91,225.00,0.000,3.73,22.9
28-09-91,178.00,0.000,3.70,23.0
29-09-91,128.00,0.000,3.70,23.6
30-09-91,131.00,0.000,3.60,22.7
01-10-91,121.00,0.000,3.47,23.4
02-10-91,217.00,6.363,3.42,23.0
03-10-91,201.00,0.000,3.40,23.2
04-10-91,197.00,0.000,3.33,23.2
05-10-91,186.00,0.000,3.17,20.8
06-10-91,241.00,7.623,3.09,21.0
07-10-91,198.00,2.864,3.15,22.1
08-10-91,212.00,0.000,3.11,21.5
09-10-91,177.00,0.000,3.01,20.6
10-10-91,162.00,0.000,3.01,20.5
11-10-91,155.00,0.000,3.05,21.1
12-10-91,147.00,0.000,3.01,21.0
13-10-91,144.00,0.000,2.94,20.2
14-10-91,140.00,0.000,2.79,18.7
15-10-91,135.00,0.000,2.78,18.5
16-10-91,130.00,0.000,2.91,21.0
17-10-91,126.00,0.000,2.89,20.5
18-10-91,122.00,0.000,2.84,19.9
19-10-91,119.00,0.000,2.82,19.7
20-10-91,116.00,0.000,2.72,18.5
21-10-91,113.00,0.000,2.72,19.1
22-10-91,111.00,0.000,2.58,17.6
23-10-91,106.00,0.000,2.67,18.5
24-10-91,101.00,0.000,2.69,18.7
25-10-91,97.30,0.000,2.60,17.3
26-10-91,92.50,0.000,2.52,16.4
27-10-91,90.40,0.000,2.55,17.2
28-10-91,86.70,0.000,2.54,16.7
29-10-91,83.50,0.000,2.52,16.5
30-10-91,80.30,0.000,2.51,16.3
31-10-91,77.60,0.000,2.52,16.8
01-11-91,76.00,0.000,2.50,15.9
02-11-91,73.90,0.000,2.41,15.3
03-11-91,70.70,0.000,2.41,15.7
04-11-91,68.00,0.000,2.43,16.1
05-11-91,65.30,0.000,2.40,15.5
06-11-91,63.20,0.000,2.38,15.1
07-11-91,61.60,0.000,2.34,16.1
08-11-91,60.00,0.000,2.27,14.4
09-11-91,58.40,0.000,2.32,15.0
10-11-91,56.80,0.000,2.20,13.6
11-11-91,55.20,0.000,2.13,13.5
12-11-91,52.50,0.046,2.29,15.3
13-11-91,50.80,0.000,2.24,14.3
14-11-91,49.20,0.000,2.23,14.5
15-11-91,48.00,0.000,2.19,14.4
16-11-91,46.00,0.000,2.11,13.7
17-11-91,44.80,0.000,2.15,14.0
18-11-91,43.60,0.000,2.13,14.2
19-11-91,42.80,0.000,2.01,12.7
20-11-91,41.20,0.000,1.91,12.0
21-11-91,40.00,0.000,1.89,12.4
22-11-91,39.70,0.000,1.86,12.2
23-11-91,39.00,0.000,1.92,13.1
24-11-91,39.00,0.000,1.96,13.4
25-11-91,38.00,0.000,1.86,12.8
26-11-91,36.70,0.000,1.86,12.7
27-11-91,36.00,0.000,1.87,13.1
28-11-91,35.00,0.000,1.80,12.4
29-11-91,34.30,0.000,1.79,12.7
30-11-91,34.00,0.000,1.76,12.4
01-12-91,33.00,0.000,1.64,10.8
02-12-91,31.70,0.000,1.53,9.5
03-12-91,31.00,0.000,1.45,9.0
04-12-91,30.00,0.000,1.69,10.9
05-12-91,29.20,0.000,1.66,11.0
06-12-91,28.70,0.000,1.70,11.3
07-12-91,28.10,0.000,1.75,11.9
08-12-91,27.60,0.000,1.72,11.7
09-12-91,27.30,0.000,1.65,10.9
10-12-91,26.30,0.000,1.76,12.4
11-12-91,25.50,0.000,1.66,10.9
12-12-91,24.70,0.000,1.69,11.4
13-12-91,24.40,0.000,1.71,11.3
14-12-91,23.60,0.000,1.73,11.8
15-12-91,22.80,0.000,1.77,11.6
16-12-91,22.50,0.000,1.82,12.5
17-12-91,22.00,0.000,1.85,12.7
18-12-91,21.40,0.000,1.91,13.3
19-12-91,20.80,0.000,1.79,12.3
20-12-91,20.80,0.000,1.73,11.4
21-12-91,20.20,0.000,1.67,10.9
22-12-91,20.20,0.000,1.62,11.5
23-12-91,20.80,0.000,1.66,11.4
24-12-91,20.20,0.000,1.57,9.9
25-12-91,21.40,1.538,1.57,10.9
26-12-91,143.30,22.648,1.46,8.5
27-12-91,42.50,0.000,1.45,8.5
28-12-91,29.70,0.000,1.58,10.4
29-12-91,26.30,0.000,1.54,9.2
30-12-91,24.40,0.000,1.41,7.7
31-12-91,23.60,0.000,1.38,6.9
01-01-92,22.80,0.000,1.36,6.3
02-01-92,21.60,0.000,1.37,6.7
03-01-92,20.80,0.000,1.47,7.7
04-01-92,20.60,0.000,1.54,7.8
05-01-92,20.20,0.000,1.57,8.7
06-01-92,19.60,0.000,1.45,7.6
07-01-92,19.20,0.000,1.58,9.3
08-01-92,18.80,0.000,1.71,10.0
09-01-92,18.40,0.000,1.56,8.8
10-01-92,17.80,0.000,1.67,10.1
11-01-92,17.80,0.000,1.49,7.8
12-01-92,19.80,1.472,1.63,10.2
13-01-92,20.20,0.000,1.66,10.1
14-01-92,19.20,0.000,1.77,11.7
15-01-92,18.60,0.000,1.80,11.6
16-01-92,17.80,0.000,1.69,10.5
17-01-92,17.20,0.000,1.67,9.8
18-01-92,16.60,0.000,1.63,9.7
19-01-92,16.00,0.000,1.73,11.5
20-01-92,20.20,2.016,1.69,10.5
21-01-92,19.00,0.000,1.71,11.3
22-01-92,18.40,0.000,1.74,11.2
23-01-92,18.40,0.000,1.60,9.0
24-01-92,17.80,0.000,1.65,9.2
25-01-92,17.60,0.000,1.77,10.8
26-01-92,17.20,0.000,1.90,12.7
27-01-92,16.80,0.000,1.88,12.7
28-01-92,16.20,0.000,1.94,12.8
29-01-92,16.00,0.000,2.05,13.4
30-01-92,15.60,0.000,2.00,13.0
31-01-92,15.70,0.000,1.65,9.4
01-02-92,16.40,1.104,1.93,12.2
02-02-92,16.60,0.000,1.88,12.4
03-02-92,15.90,0.000,1.96,12.8
04-02-92,15.50,0.000,1.83,10.0
05-02-92,15.40,0.000,1.77,9.5
06-02-92,15.00,0.000,1.98,11.7
07-02-92,16.70,6.425,1.78,10.2
08-02-92,23.60,1.472,1.86,9.6
09-02-92,22.30,0.000,1.99,10.5
10-02-92,19.40,0.000,2.01,10.9
11-02-92,18.80,0.000,2.01,10.6
12-02-92,17.40,0.000,2.06,11.8
13-02-92,16.80,0.000,2.07,11.4
14-02-92,16.00,0.000,2.20,11.8
15-02-92,15.70,0.000,2.22,11.7
16-02-92,15.40,0.000,2.24,11.7
17-02-92,15.00,0.000,2.19,10.6
18-02-92,14.60,0.000,2.03,9.2
19-02-92,14.20,0.000,2.18,10.3
20-02-92,13.80,0.000,2.38,12.8
21-02-92,13.50,0.000,2.34,11.6
22-02-92,13.50,0.000,2.38,11.7
23-02-92,13.30,0.000,2.33,11.7
24-02-92,12.90,0.000,2.14,9.4
25-02-92,12.70,0.184,2.11,9.2
26-02-92,12.50,0.000,2.28,10.7
27-02-92,13.30,0.000,2.23,11.0
28-02-92,13.00,0.000,2.43,12.4
29-02-92,13.00,0.000,2.62,13.3
01-03-92,12.70,0.000,2.88,15.7
02-03-92,12.70,0.000,2.93,15.6
03-03-92,12.70,0.000,2.97,16.2
04-03-92,12.40,0.000,2.94,16.1
05-03-92,12.40,0.000,2.94,15.8
06-03-92,12.10,0.000,2.92,15.4
07-03-92,12.00,0.000,3.12,17.2
08-03-92,11.70,0.000,2.93,15.6
09-03-92,11.50,0.000,3.08,16.6
10-03-92,11.20,0.000,2.98,16.0
11-03-92,11.10,0.000,3.05,16.2
12-03-92,10.90,0.000,2.92,15.4
13-03-92,10.90,0.000,3.15,17.3
14-03-92,10.60,0.000,3.26,18.5
15-03-92,10.60,0.000,3.08,16.9
16-03-92,10.30,0.000,3.04,15.9
17-03-92,10.00,0.000,3.01,15.9
18-03-92,10.00,0.000,3.04,16.3
19-03-92,10.00,0.000,3.15,16.7
20-03-92,10.00,0.000,3.23,17.4
21-03-92,10.00,0.046,3.40,19.0
22-03-92,9.87,0.000,3.55,20.1
23-03-92,9.80,0.000,3.46,19.5
24-03-92,9.80,0.000,3.47,18.9
25-03-92,9.60,0.000,3.60,19.9
26-03-92,9.60,0.000,3.71,20.4
27-03-92,9.53,0.000,3.72,19.9
28-03-92,9.40,0.000,3.80,20.5
29-03-92,9.40,0.000,3.79,20.9
30-03-92,9.27,0.000,3.69,19.1
31-03-92,9.20,0.000,3.79,21.0
01-04-92,9.20,0.000,3.84,18.7
02-04-92,9.00,0.000,3.68,17.3
03-04-92,9.00,0.000,3.96,19.0
04-04-92,8.87,0.000,3.92,18.9
05-04-92,8.80,0.000,3.96,18.8
06-04-92,8.80,0.000,4.17,20.2
07-04-92,8.73,0.000,4.32,20.8
08-04-92,8.60,0.000,4.40,21.5
09-04-92,8.60,0.000,4.43,21.4
10-04-92,8.53,0.000,4.55,22.0
11-04-92,8.40,0.000,4.70,23.6
12-04-92,9.27,0.000,4.69,23.1
13-04-92,9.27,0.000,4.74,22.5
14-04-92,8.95,0.000,4.59,21.1
15-04-92,8.72,0.000,4.54,21.1
16-04-92,8.49,0.000,4.36,19.5
17-04-92,8.38,0.000,4.43,20.1
18-04-92,8.32,0.000,4.35,20.1
19-04-92,8.43,1.323,4.51,20.7
20-04-92,8.49,0.000,4.61,21.9
21-04-92,8.66,0.000,4.74,23.0
22-04-92,8.60,0.000,4.84,24.2
23-04-92,8.55,0.000,4.66,22.6
24-04-92,8.72,0.000,4.49,20.7
25-04-92,8.49,0.000,4.55,21.5
26-04-92,8.32,0.000,4.64,22.4
27-04-92,8.32,0.138,4.26,20.4
28-04-92,18.49,7.734,4.17,19.7
29-04-92,8.55,1.330,4.22,20.0
30-04-92,41.50,18.659,3.91,17.9
01-05-92,72.80,13.807,4.24,19.7
02-05-92,112.90,30.083,3.97,17.1
03-05-92,56.80,8.941,4.08,18.5
04-05-92,26.80,2.024,4.14,19.1
05-05-92,21.90,1.400,4.19,18.9
06-05-92,16.70,0.000,4.36,20.2
07-05-92,13.80,0.000,4.50,21.2
08-05-92,12.50,0.000,4.45,21.0
09-05-92,11.20,0.000,4.56,22.5
10-05-92,10.60,0.276,4.49,21.4
11-05-92,13.50,4.102,4.54,22.2
12-05-92,62.50,10.371,4.68,22.7
13-05-92,54.50,9.072,4.65,22.5
14-05-92,55.20,9.492,4.28,20.7
15-05-92,44.00,5.156,4.27,19.9
16-05-92,32.00,7.496,4.70,22.8
17-05-92,30.00,5.473,4.72,22.5
18-05-92,20.70,3.232,4.65,21.0
19-05-92,14.30,1.120,4.79,22.3
20-05-92,12.50,1.050,4.82,22.3
21-05-92,11.90,0.966,4.49,19.0
22-05-92,11.20,3.682,4.31,18.7
23-05-92,15.30,0.373,4.42,19.4
24-05-92,13.50,1.932,4.67,21.0
25-05-92,114.70,15.813,4.20,17.9
26-05-92,50.00,1.570,4.52,19.8
27-05-92,25.10,4.022,4.61,20.5
28-05-92,17.50,0.690,4.75,21.5
29-05-92,16.10,0.046,4.86,21.7
30-05-92,13.80,0.000,5.13,23.9
31-05-92,13.20,0.000,5.06,22.6
01-06-92,12.30,0.000,5.07,21.7
02-06-92,11.30,0.000,5.21,22.4
03-06-92,10.00,0.000,5.28,23.0
04-06-92,9.40,0.000,5.40,24.5
05-06-92,8.83,1.953,5.29,24.3
06-06-92,13.60,3.526,5.26,23.1
07-06-92,14.30,0.000,5.23,23.8
08-06-92,117.10,29.586,4.89,21.2
09-06-92,341.80,50.923,5.00,22.3
10-06-92,163.10,3.586,5.01,22.5
11-06-92,220.80,26.228,5.06,22.5
12-06-92,137.60,0.784,5.04,22.5
13-06-92,117.60,0.762,5.00,23.0
14-06-92,226.60,28.448,5.11,23.0
15-06-92,140.50,6.175,5.07,23.3
16-06-92,126.10,2.940,5.20,24.7
17-06-92,221.60,7.766,5.31,25.2
18-06-92,262.80,10.886,5.10,24.3
19-06-92,334.10,3.912,5.12,24.5
20-06-92,227.30,4.396,4.94,23.8
21-06-92,367.30,10.344,5.07,24.3
22-06-92,586.00,41.589,4.99,24.2
23-06-92,717.00,34.284,5.07,25.0
24-06-92,705.00,18.296,4.99,24.4
25-06-92,355.00,9.639,4.98,24.2
26-06-92,502.00,29.350,5.00,24.6
27-06-92,279.00,0.476,5.00,24.5
28-06-92,146.00,2.708,4.89,23.8
29-06-92,213.00,11.862,4.93,24.4
30-06-92,117.00,0.046,4.88,24.1
01-07-92,87.10,0.000,4.99,24.7
02-07-92,74.50,0.922,4.94,24.5
03-07-92,72.10,0.126,4.94,24.4
04-07-92,68.50,0.000,5.01,24.5
05-07-92,53.70,9.513,5.08,25.5
06-07-92,126.00,9.809,4.92,24.2
07-07-92,182.00,0.644,4.92,24.3
08-07-92,198.00,12.805,4.84,23.8
09-07-92,339.00,19.118,4.97,24.6
10-07-92,778.00,39.017,4.83,23.0
11-07-92,391.00,19.148,4.68,22.2
12-07-92,315.00,13.139,4.67,22.2
13-07-92,272.00,13.481,4.52,20.6
14-07-92,243.00,3.214,4.93,23.7
15-07-92,352.00,12.600,4.93,23.6
16-07-92,189.00,1.348,4.76,22.5
17-07-92,284.00,18.119,4.97,23.8
18-07-92,270.00,11.600,4.83,22.7
19-07-92,231.00,2.128,4.98,23.5
20-07-92,399.00,14.152,4.99,23.5
21-07-92,431.00,13.527,5.10,24.4
22-07-92,569.00,24.329,4.98,23.7
23-07-92,447.00,13.094,5.11,24.4
24-07-92,414.00,11.265,5.00,23.6
25-07-92,336.00,11.149,5.07,24.2
26-07-92,231.00,4.000,5.04,24.0
27-07-92,183.00,1.222,5.12,24.4
28-07-92,157.00,9.933,5.09,24.4
29-07-92,136.00,0.000,4.99,23.6
30-07-92,172.00,23.772,4.82,22.8
31-07-92,354.00,38.757,4.69,22.1
01-08-92,644.00,9.508,4.80,23.2
02-08-92,298.00,5.850,4.82,23.5
03-08-92,216.00,1.146,4.91,24.3
04-08-92,249.00,11.637,4.72,23.2
05-08-92,290.00,10.206,4.81,23.9
06-08-92,271.00,12.374,4.76,23.9
07-08-92,516.00,17.397,4.72,23.7
08-08-92,300.00,12.311,4.75,24.0
09-08-92,252.00,1.456,4.74,24.4
10-08-92,230.00,0.630,4.74,24.5
11-08-92,224.00,1.400,4.77,24.8
12-08-92,197.00,1.323,4.69,24.7
13-08-92,215.00,1.441,4.72,24.4
14-08-92,176.00,5.828,4.67,24.7
15-08-92,198.00,9.279,4.53,24.2
16-08-92,180.00,0.784,4.54,24.6
17-08-92,487.00,30.848,4.43,24.0
18-08-92,606.00,20.943,4.42,23.9
19-08-92,509.00,14.704,4.36,23.6
20-08-92,419.00,13.110,4.44,24.2
21-08-92,455.00,14.117,4.32,23.8
22-08-92,324.00,13.549,4.38,24.6
23-08-92,385.00,2.264,4.33,23.9
24-08-92,388.00,31.703,4.20,22.9
25-08-92,757.00,11.489,4.17,22.9
26-08-92,616.00,6.862,4.11,22.4
27-08-92,522.00,17.897,4.26,23.5
28-08-92,531.00,4.226,4.25,23.6
29-08-92,375.00,6.848,4.41,24.7
30-08-92,254.00,0.322,4.50,25.5
31-08-92,245.00,3.726,4.43,24.9
01-09-92,208.00,0.875,4.35,25.2
02-09-92,215.00,13.989,4.32,24.9
03-09-92,279.00,1.829,4.28,24.4
04-09-92,194.00,24.310,4.27,24.2
05-09-92,457.00,0.560,4.18,23.6
06-09-92,286.00,18.291,4.14,23.6
07-09-92,373.00,1.092,4.24,24.2
08-09-92,254.00,1.668,4.16,23.9
09-09-92,231.00,6.388,4.19,23.8
10-09-92,261.00,1.953,4.21,23.6
11-09-92,397.00,31.863,4.21,24.4
12-09-92,455.00,28.575,4.08,23.0
13-09-92,562.00,22.563,3.91,22.0
14-09-92,683.00,1.857,3.96,22.4
15-09-92,281.00,0.278,4.07,23.3
16-09-92,301.00,18.504,4.14,24.2
17-09-92,268.00,7.623,4.06,23.0
18-09-92,203.00,0.000,4.00,23.2
19-09-92,185.00,0.000,3.94,22.4
20-09-92,157.00,0.000,3.96,22.7
21-09-92,138.00,0.000,4.01,23.3
22-09-92,122.00,0.000,3.94,22.9
23-09-92,112.00,0.000,3.90,22.7
24-09-92,105.00,8.924,3.90,23.3
25-09-92,97.30,0.000,3.80,22.3
26-09-92,197.00,0.000,3.76,22.5
27-09-92,167.00,31.563,3.70,22.8
28-09-92,402.00,27.023,3.48,21.4
29-09-92,494.00,20.795,3.48,21.5
30-09-92,193.00,13.309,3.27,19.6
01-10-92,142.00,0.763,3.32,21.4
02-10-92,122.00,1.323,3.24,21.4
03-10-92,213.00,28.413,3.31,22.1
04-10-92,407.00,11.592,3.18,21.1
05-10-92,271.00,9.513,3.09,20.4
06-10-92,155.00,0.690,3.08,19.9
07-10-92,87.20,0.000,3.09,20.1
08-10-92,82.40,0.000,3.14,20.9
09-10-92,75.80,0.000,3.16,21.5
10-10-92,73.60,0.000,3.08,20.7
11-10-92,69.60,1.323,2.99,20.5
12-10-92,81.60,16.068,2.68,18.7
13-10-92,215.00,17.245,2.73,19.4
14-10-92,266.00,20.663,2.99,21.6
15-10-92,426.00,32.823,2.97,21.7
16-10-92,663.00,42.876,2.64,19.3
17-10-92,879.00,0.000,2.69,19.5
18-10-92,289.00,2.450,2.68,19.6
19-10-92,191.00,1.296,2.79,20.1
20-10-92,136.00,0.000,2.76,19.7
21-10-92,121.00,0.000,2.72,18.7
22-10-92,111.00,0.000,2.69,18.7
23-10-92,107.00,0.000,2.60,16.5
24-10-92,92.70,0.000,2.56,16.9
25-10-92,87.60,5.229,2.50,16.6
26-10-92,108.50,0.000,2.54,17.2
27-10-92,77.60,0.000,2.43,15.8
28-10-92,73.20,0.000,2.54,16.7
29-10-92,68.80,0.000,2.64,17.8
30-10-92,64.80,0.000,2.65,17.8
31-10-92,60.40,0.000,2.64,17.6
01-11-92,57.10,0.000,2.64,17.2
02-11-92,54.70,0.000,2.57,16.8
03-11-92,53.30,0.000,2.58,17.3
04-11-92,51.00,0.000,2.47,15.7
05-11-92,50.00,0.000,2.45,15.7
06-11-92,48.00,0.000,2.38,15.3
07-11-92,47.00,0.000,2.30,14.3
08-11-92,46.00,0.000,2.34,14.8
09-11-92,45.30,0.000,2.43,16.0
10-11-92,44.60,1.386,2.36,16.0
11-11-92,53.30,0.000,2.41,17.3
12-11-92,44.80,0.000,2.40,16.2
13-11-92,43.00,0.000,2.40,17.1
14-11-92,41.80,0.000,2.36,17.1
15-11-92,40.90,0.000,2.31,16.4
16-11-92,39.50,0.000,2.33,16.3
17-11-92,38.30,0.000,2.22,14.9
18-11-92,37.60,0.000,2.19,14.6
19-11-92,36.90,0.000,2.19,15.8
20-11-92,36.20,0.000,2.17,15.2
21-11-92,35.50,0.000,2.15,15.4
22-11-92,34.80,0.000,2.10,14.8
23-11-92,34.80,1.104,1.52,8.5
24-11-92,38.80,5.940,1.92,12.8
25-11-92,36.20,0.000,1.90,12.5
26-11-92,34.10,0.000,1.91,13.0
27-11-92,33.40,0.000,1.86,12.9
28-11-92,32.70,0.000,1.79,12.4
29-11-92,32.00,0.000,1.83,12.7
30-11-92,30.60,0.000,1.84,13.1
01-12-92,29.90,0.756,1.79,13.4
02-12-92,29.90,2.849,1.72,12.2
03-12-92,29.90,0.923,1.69,12.3
04-12-92,32.70,0.140,1.63,11.0
05-12-92,30.40,0.000,1.58,10.4
06-12-92,29.00,0.000,1.66,11.2
07-12-92,27.80,0.000,1.66,11.5
08-12-92,27.10,0.000,1.66,11.1
09-12-92,26.40,0.000,1.64,11.3
10-12-92,25.70,0.000,1.72,12.1
11-12-92,25.00,0.000,1.64,11.0
12-12-92,25.00,0.000,1.82,12.8
13-12-92,24.60,0.000,1.75,11.6
14-12-92,24.10,0.000,1.58,10.1
15-12-92,23.70,0.000,1.62,11.3
16-12-92,23.70,0.000,1.63,10.4
17-12-92,23.20,0.000,1.69,11.3
18-12-92,22.80,0.000,1.64,10.7
19-12-92,22.60,0.000,1.67,11.2
20-12-92,22.30,0.000,1.69,10.9
21-12-92,21.80,0.000,1.65,10.7
22-12-92,21.80,0.000,1.71,11.5
23-12-92,21.40,0.000,1.75,11.6
24-12-92,21.40,0.000,1.88,12.0
25-12-92,20.90,0.000,1.78,11.0
26-12-92,20.50,0.000,1.59,9.4
27-12-92,20.50,0.000,1.57,9.8
28-12-92,20.10,0.000,1.58,9.4
29-12-92,20.10,0.000,1.62,9.8
30-12-92,19.80,0.000,1.69,11.0
31-12-92,20.10,0.000,1.77,11.6
01-01-93,20.10,0.000,1.79,11.9
02-01-93,19.70,0.000,1.76,11.4
03-01-93,19.30,0.000,1.83,11.7
04-01-93,19.30,0.000,1.80,11.3
05-01-93,19.30,0.000,1.75,11.3
06-01-93,18.90,0.000,1.56,9.6
07-01-93,19.80,4.746,1.42,8.2
08-01-93,22.00,4.901,1.40,7.7
09-01-93,21.70,1.078,1.74,11.3
10-01-93,20.60,0.000,1.66,9.8
11-01-93,20.10,0.070,1.70,11.6
12-01-93,19.70,0.000,1.79,12.1
13-01-93,19.30,0.000,1.58,9.3
14-01-93,18.90,0.000,1.55,8.2
15-01-93,18.60,0.000,1.46,7.7
16-01-93,18.50,0.000,1.71,10.1
17-01-93,18.40,0.000,1.75,10.9
18-01-93,18.10,0.000,1.77,10.8
19-01-93,18.00,0.000,1.86,11.9
20-01-93,17.70,0.000,1.62,9.4
21-01-93,17.30,0.000,1.57,8.8
22-01-93,17.30,0.000,1.66,9.7
23-01-93,17.00,0.000,1.70,10.1
24-01-93,16.90,0.000,1.82,11.6
25-01-93,16.90,0.000,1.84,11.6
26-01-93,16.60,0.000,1.77,11.5
27-01-93,16.50,0.000,1.83,11.5
28-01-93,16.50,0.000,1.97,12.7
29-01-93,16.20,0.000,1.96,12.2
30-01-93,16.10,0.700,2.02,13.5
31-01-93,15.90,0.000,1.90,11.3
01-02-93,15.80,1.283,1.78,10.2
02-02-93,15.60,0.000,1.93,11.1
03-02-93,15.40,0.000,1.97,11.5
04-02-93,15.30,0.000,2.08,13.0
05-02-93,15.30,0.000,2.17,13.3
06-02-93,15.00,0.000,2.29,14.2
07-02-93,15.00,0.000,2.32,14.6
08-02-93,14.70,0.000,2.22,14.0
09-02-93,14.70,0.000,2.27,15.3
10-02-93,14.70,0.000,2.31,15.9
11-02-93,14.70,0.000,2.29,14.8
12-02-93,14.70,0.000,2.41,15.1
13-02-93,14.70,0.000,2.50,16.4
14-02-93,14.70,0.000,2.42,14.8
15-02-93,14.70,0.756,2.51,16.4
16-02-93,15.60,0.000,2.63,17.2
17-02-93,18.50,0.572,2.73,17.9
18-02-93,15.40,3.402,2.67,15.9
19-02-93,16.40,3.358,2.41,12.9
20-02-93,16.80,1.960,2.22,10.9
21-02-93,15.90,0.000,2.18,10.3
22-02-93,15.60,0.000,2.01,9.0
23-02-93,15.20,0.840,2.21,10.3
24-02-93,15.10,0.000,2.23,10.4
25-02-93,14.70,0.000,2.52,13.1
26-02-93,14.70,0.000,2.59,13.8
27-02-93,14.70,6.363,2.58,14.9
28-02-93,14.50,0.023,2.59,13.9
01-03-93,15.70,0.470,2.41,12.7
02-03-93,15.80,0.000,2.62,13.0
03-03-93,15.20,0.000,2.71,13.6
04-03-93,14.60,0.000,2.95,16.7
05-03-93,14.20,0.000,2.89,15.2
06-03-93,13.80,0.000,2.74,13.9
07-03-93,13.50,0.000,2.75,14.3
08-03-93,13.50,0.000,2.81,15.0
09-03-93,13.20,0.000,2.88,15.8
10-03-93,13.20,0.000,3.06,17.4
11-03-93,13.20,0.000,2.98,16.6
12-03-93,13.00,0.000,2.97,15.7
13-03-93,12.70,0.000,3.11,17.1
14-03-93,12.70,0.000,3.04,16.8
15-03-93,12.50,0.552,3.00,15.8
16-03-93,12.50,0.000,3.15,16.9
17-03-93,12.40,0.000,3.08,15.8
18-03-93,12.20,0.000,2.80,13.8
19-03-93,12.20,0.434,2.91,14.2
20-03-93,12.10,0.434,2.74,12.9
21-03-93,12.00,0.000,2.63,12.0
22-03-93,12.00,1.960,2.70,12.4
23-03-93,12.20,0.000,2.71,13.3
24-03-93,12.40,1.604,2.80,13.4
25-03-93,12.70,7.311,2.66,12.6
26-03-93,43.50,16.885,2.45,10.0
27-03-93,30.40,5.014,2.90,13.2
28-03-93,21.20,0.000,3.12,14.2
29-03-93,17.30,0.000,3.23,15.1
30-03-93,15.80,0.000,3.31,15.5
31-03-93,15.30,0.378,3.39,15.9
01-04-93,14.60,0.000,3.72,17.2
02-04-93,13.80,0.000,3.57,17.0
03-04-93,13.60,0.000,3.76,16.9
04-04-93,13.20,0.000,3.78,16.7
05-04-93,13.00,0.000,3.88,17.4
06-04-93,12.80,0.000,3.94,17.4
07-04-93,12.40,0.000,4.07,18.0
08-04-93,12.20,0.000,4.07,17.6
09-04-93,12.20,0.207,3.94,18.4
10-04-93,12.20,0.000,3.93,17.6
11-04-93,12.00,1.323,4.07,19.3
12-04-93,15.30,1.104,3.79,16.8
13-04-93,20.70,3.484,3.51,15.0
14-04-93,25.60,1.551,3.85,17.2
15-04-93,19.70,0.000,3.86,17.3
16-04-93,16.80,0.214,4.13,19.2
17-04-93,16.00,0.000,4.24,19.6
18-04-93,15.30,0.000,4.23,19.4
19-04-93,14.80,0.368,4.31,19.3
20-04-93,14.10,0.000,4.27,19.6
21-04-93,14.10,0.736,4.31,20.2
22-04-93,14.30,0.728,4.26,19.8
23-04-93,31.20,5.336,4.13,19.2
24-04-93,24.70,9.580,4.35,21.1
25-04-93,50.00,2.100,4.21,19.7
26-04-93,57.10,7.882,4.19,19.9
27-04-93,82.50,11.998,4.29,20.5
28-04-93,72.90,0.000,4.44,21.7
29-04-93,139.20,16.788,4.33,21.0
30-04-93,22.90,0.000,4.42,22.0
01-05-93,18.90,0.230,4.35,21.2
02-05-93,17.40,0.000,4.52,22.9
03-05-93,27.40,2.720,4.49,22.7
04-05-93,24.20,1.909,4.67,23.6
05-05-93,25.70,0.046,4.84,24.5
06-05-93,19.30,0.000,4.49,22.3
07-05-93,17.60,4.646,4.46,21.7
08-05-93,21.10,0.000,4.54,22.9
09-05-93,17.60,0.000,4.56,22.7
10-05-93,224.50,26.351,4.26,20.1
11-05-93,79.60,6.066,4.33,20.3
12-05-93,23.70,1.081,4.39,19.9
13-05-93,18.00,0.000,4.55,21.1
14-05-93,120.50,15.601,4.52,20.8
15-05-93,119.80,13.431,4.44,21.4
16-05-93,95.60,11.780,4.54,22.0
17-05-93,31.30,1.456,4.49,20.7
18-05-93,27.10,3.487,4.45,20.2
19-05-93,23.70,0.000,4.59,21.3
20-05-93,20.20,0.946,4.77,23.3
21-05-93,18.80,2.402,4.45,19.3
22-05-93,17.30,0.000,4.67,21.2
23-05-93,16.10,0.000,4.96,23.7
24-05-93,25.60,13.956,4.75,21.6
25-05-93,128.90,20.099,4.63,19.7
26-05-93,158.10,0.140,5.00,23.2
27-05-93,47.40,0.392,4.74,21.7
28-05-93,40.10,2.142,4.72,21.4
29-05-93,40.20,6.300,4.76,21.2
30-05-93,70.90,2.944,4.77,21.0
31-05-93,54.10,2.473,4.85,21.9
01-06-93,55.30,13.132,5.20,23.9
02-06-93,70.70,11.592,5.02,22.6
03-06-93,52.40,4.480,5.01,22.2
04-06-93,40.20,3.634,5.14,23.1
05-06-93,174.30,15.080,5.11,22.6
06-06-93,161.50,12.386,5.32,24.7
07-06-93,255.30,23.795,4.69,20.3
08-06-93,158.60,6.428,4.82,21.3
09-06-93,145.30,5.608,4.80,21.1
10-06-93,57.10,1.405,5.09,23.1
11-06-93,54.80,2.554,5.22,24.1
12-06-93,63.00,3.006,5.28,24.8
13-06-93,53.70,0.184,5.19,24.3
14-06-93,42.00,0.460,5.14,23.9
15-06-93,40.20,0.092,5.19,24.0
16-06-93,369.00,35.343,5.08,23.8
17-06-93,275.10,28.363,5.07,23.8
18-06-93,263.70,23.282,5.15,24.8
19-06-93,197.70,3.946,5.09,24.0
20-06-93,106.90,1.428,5.09,24.2
21-06-93,89.90,0.560,5.15,24.7
22-06-93,103.70,3.073,5.06,24.5